case_id,scenario,P(Murder),P(Manslaughter),P(Not Guilty),MAP_verdict,actual_verdict,correct,delta_P(Murder),delta_P(Manslaughter),delta_P(Not Guilty),counterfactual_shifted,p_murder_delta,p_murder_baseline
CASE_00000,FULL_EVIDENCE,0.7199800697558545,0.05032386646736422,0.22969606377678126,Murder,Not_Guilty,False,,,,,,
CASE_00001,FULL_EVIDENCE,0.7603894974786993,0.15110415579899147,0.08850634672230914,Murder,Not_Guilty,False,,,,,,
CASE_00002,FULL_EVIDENCE,0.7603894974786993,0.15110415579899147,0.08850634672230914,Murder,Murder,True,,,,,,
CASE_00003,FULL_EVIDENCE,0.7603894974786993,0.15110415579899147,0.08850634672230914,Murder,Murder,True,,,,,,
CASE_00004,FULL_EVIDENCE,0.7603894974786993,0.15110415579899147,0.08850634672230914,Murder,Murder,True,,,,,,
CASE_00005,FULL_EVIDENCE,0.7603894974786993,0.15110415579899147,0.08850634672230914,Murder,Murder,True,,,,,,
CASE_00006,FULL_EVIDENCE,0.7605669450771956,0.13490255631485698,0.10453049860794734,Murder,Not_Guilty,False,,,,,,
CASE_00007,FULL_EVIDENCE,0.7603894974786993,0.15110415579899147,0.08850634672230914,Murder,Murder,True,,,,,,
CASE_00008,FULL_EVIDENCE,0.7603894974786993,0.15110415579899147,0.08850634672230914,Murder,Manslaughter,False,,,,,,
CASE_00009,FULL_EVIDENCE,0.7250737463126844,0.24365781710914453,0.03126843657817109,Murder,Murder,True,,,,,,
CASE_00010,FULL_EVIDENCE,0.7603894974786993,0.15110415579899147,0.08850634672230914,Murder,Murder,True,,,,,,
CASE_00011,FULL_EVIDENCE,0.7603894974786993,0.15110415579899147,0.08850634672230914,Murder,Not_Guilty,False,,,,,,
CASE_00012,FULL_EVIDENCE,0.7199800697558545,0.05032386646736422,0.22969606377678126,Murder,Murder,True,,,,,,
CASE_00013,FULL_EVIDENCE,0.7603894974786993,0.15110415579899147,0.08850634672230914,Murder,Murder,True,,,,,,
CASE_00014,FULL_EVIDENCE,0.7603894974786993,0.15110415579899147,0.08850634672230914,Murder,Murder,True,,,,,,
CASE_00015,FULL_EVIDENCE,0.7603894974786993,0.15110415579899147,0.08850634672230914,Murder,Murder,True,,,,,,
CASE_00016,FULL_EVIDENCE,0.7603894974786993,0.15110415579899147,0.08850634672230914,Murder,Murder,True,,,,,,
CASE_00017,FULL_EVIDENCE,0.7605669450771956,0.13490255631485698,0.10453049860794734,Murder,Murder,True,,,,,,
CASE_00018,FULL_EVIDENCE,0.6654088050314465,0.140125786163522,0.19446540880503146,Murder,Murder,True,,,,,,
CASE_00019,FULL_EVIDENCE,0.7605669450771956,0.13490255631485698,0.10453049860794734,Murder,Murder,True,,,,,,
CASE_00020,FULL_EVIDENCE,0.7605669450771956,0.13490255631485698,0.10453049860794734,Murder,Murder,True,,,,,,
CASE_00021,FULL_EVIDENCE,0.6654088050314465,0.140125786163522,0.19446540880503146,Murder,Manslaughter,False,,,,,,
CASE_00022,FULL_EVIDENCE,0.7199800697558545,0.05032386646736422,0.22969606377678126,Murder,Murder,True,,,,,,
CASE_00023,FULL_EVIDENCE,0.7605669450771956,0.13490255631485698,0.10453049860794734,Murder,Murder,True,,,,,,
CASE_00024,FULL_EVIDENCE,0.7605669450771956,0.13490255631485698,0.10453049860794734,Murder,Manslaughter,False,,,,,,
CASE_00025,FULL_EVIDENCE,0.7199800697558545,0.05032386646736422,0.22969606377678126,Murder,Murder,True,,,,,,
CASE_00026,FULL_EVIDENCE,0.7250737463126844,0.24365781710914453,0.03126843657817109,Murder,Manslaughter,False,,,,,,
CASE_00027,FULL_EVIDENCE,0.7603894974786993,0.15110415579899147,0.08850634672230914,Murder,Murder,True,,,,,,
CASE_00028,FULL_EVIDENCE,0.7603894974786993,0.15110415579899147,0.08850634672230914,Murder,Murder,True,,,,,,
CASE_00029,FULL_EVIDENCE,0.7199800697558545,0.05032386646736422,0.22969606377678126,Murder,Murder,True,,,,,,
CASE_00030,FULL_EVIDENCE,0.7605669450771956,0.13490255631485698,0.10453049860794734,Murder,Murder,True,,,,,,
CASE_00031,FULL_EVIDENCE,0.6404040404040404,0.15555555555555556,0.20404040404040402,Murder,Not_Guilty,False,,,,,,
CASE_00032,FULL_EVIDENCE,0.6915927334178286,0.2454583861427968,0.06294888043937474,Murder,Murder,True,,,,,,
CASE_00033,FULL_EVIDENCE,0.7603894974786993,0.15110415579899147,0.08850634672230914,Murder,Murder,True,,,,,,
CASE_00034,FULL_EVIDENCE,0.7603894974786993,0.15110415579899147,0.08850634672230914,Murder,Murder,True,,,,,,
CASE_00035,FULL_EVIDENCE,0.7603894974786993,0.15110415579899147,0.08850634672230914,Murder,Murder,True,,,,,,
CASE_00036,FULL_EVIDENCE,0.7603894974786993,0.15110415579899147,0.08850634672230914,Murder,Murder,True,,,,,,
CASE_00037,FULL_EVIDENCE,0.7605669450771956,0.13490255631485698,0.10453049860794734,Murder,Murder,True,,,,,,
CASE_00038,FULL_EVIDENCE,0.7603894974786993,0.15110415579899147,0.08850634672230914,Murder,Murder,True,,,,,,
CASE_00039,FULL_EVIDENCE,0.7603894974786993,0.15110415579899147,0.08850634672230914,Murder,Murder,True,,,,,,
CASE_00040,FULL_EVIDENCE,0.7603894974786993,0.15110415579899147,0.08850634672230914,Murder,Murder,True,,,,,,
CASE_00041,FULL_EVIDENCE,0.6915927334178286,0.2454583861427968,0.06294888043937474,Murder,Murder,True,,,,,,
CASE_00042,FULL_EVIDENCE,0.7603894974786993,0.15110415579899147,0.08850634672230914,Murder,Murder,True,,,,,,
CASE_00043,FULL_EVIDENCE,0.7199800697558545,0.05032386646736422,0.22969606377678126,Murder,Murder,True,,,,,,
CASE_00044,FULL_EVIDENCE,0.7813333333333334,0.20533333333333334,0.013333333333333334,Murder,Murder,True,,,,,,
CASE_00045,FULL_EVIDENCE,0.6404040404040404,0.15555555555555556,0.20404040404040402,Murder,Not_Guilty,False,,,,,,
CASE_00046,FULL_EVIDENCE,0.7605669450771956,0.13490255631485698,0.10453049860794734,Murder,Manslaughter,False,,,,,,
CASE_00047,FULL_EVIDENCE,0.7603894974786993,0.15110415579899147,0.08850634672230914,Murder,Manslaughter,False,,,,,,
CASE_00048,FULL_EVIDENCE,0.6915927334178286,0.2454583861427968,0.06294888043937474,Murder,Murder,True,,,,,,
CASE_00049,FULL_EVIDENCE,0.7250737463126844,0.24365781710914453,0.03126843657817109,Murder,Murder,True,,,,,,
CASE_00050,FULL_EVIDENCE,0.7605669450771956,0.13490255631485698,0.10453049860794734,Murder,Murder,True,,,,,,
CASE_00051,FULL_EVIDENCE,0.7603894974786993,0.15110415579899147,0.08850634672230914,Murder,Manslaughter,False,,,,,,
CASE_00052,FULL_EVIDENCE,0.7603894974786993,0.15110415579899147,0.08850634672230914,Murder,Murder,True,,,,,,
CASE_00053,FULL_EVIDENCE,0.6915927334178286,0.2454583861427968,0.06294888043937474,Murder,Not_Guilty,False,,,,,,
CASE_00054,FULL_EVIDENCE,0.7605669450771956,0.13490255631485698,0.10453049860794734,Murder,Murder,True,,,,,,
CASE_00055,FULL_EVIDENCE,0.7199800697558545,0.05032386646736422,0.22969606377678126,Murder,Murder,True,,,,,,
CASE_00056,FULL_EVIDENCE,0.7603894974786993,0.15110415579899147,0.08850634672230914,Murder,Murder,True,,,,,,
CASE_00057,FULL_EVIDENCE,0.7603894974786993,0.15110415579899147,0.08850634672230914,Murder,Murder,True,,,,,,
CASE_00058,FULL_EVIDENCE,0.7603894974786993,0.15110415579899147,0.08850634672230914,Murder,Murder,True,,,,,,
CASE_00059,FULL_EVIDENCE,0.7603894974786993,0.15110415579899147,0.08850634672230914,Murder,Not_Guilty,False,,,,,,
CASE_00060,FULL_EVIDENCE,0.7603894974786993,0.15110415579899147,0.08850634672230914,Murder,Murder,True,,,,,,
CASE_00061,FULL_EVIDENCE,0.7199800697558545,0.05032386646736422,0.22969606377678126,Murder,Murder,True,,,,,,
CASE_00062,FULL_EVIDENCE,0.6915927334178286,0.2454583861427968,0.06294888043937474,Murder,Manslaughter,False,,,,,,
CASE_00063,FULL_EVIDENCE,0.7605669450771956,0.13490255631485698,0.10453049860794734,Murder,Murder,True,,,,,,
CASE_00064,FULL_EVIDENCE,0.7603894974786993,0.15110415579899147,0.08850634672230914,Murder,Murder,True,,,,,,
CASE_00065,FULL_EVIDENCE,0.7250737463126844,0.24365781710914453,0.03126843657817109,Murder,Murder,True,,,,,,
CASE_00066,FULL_EVIDENCE,0.7605669450771956,0.13490255631485698,0.10453049860794734,Murder,Murder,True,,,,,,
CASE_00067,FULL_EVIDENCE,0.7250737463126844,0.24365781710914453,0.03126843657817109,Murder,Murder,True,,,,,,
CASE_00068,FULL_EVIDENCE,0.7603894974786993,0.15110415579899147,0.08850634672230914,Murder,Murder,True,,,,,,
CASE_00069,FULL_EVIDENCE,0.7603894974786993,0.15110415579899147,0.08850634672230914,Murder,Murder,True,,,,,,
CASE_00070,FULL_EVIDENCE,0.7603894974786993,0.15110415579899147,0.08850634672230914,Murder,Murder,True,,,,,,
CASE_00071,FULL_EVIDENCE,0.7605669450771956,0.13490255631485698,0.10453049860794734,Murder,Not_Guilty,False,,,,,,
CASE_00072,FULL_EVIDENCE,0.7250737463126844,0.24365781710914453,0.03126843657817109,Murder,Murder,True,,,,,,
CASE_00073,FULL_EVIDENCE,0.7199800697558545,0.05032386646736422,0.22969606377678126,Murder,Murder,True,,,,,,
CASE_00074,FULL_EVIDENCE,0.7199800697558545,0.05032386646736422,0.22969606377678126,Murder,Murder,True,,,,,,
CASE_00075,FULL_EVIDENCE,0.7603894974786993,0.15110415579899147,0.08850634672230914,Murder,Murder,True,,,,,,
CASE_00076,FULL_EVIDENCE,0.7250737463126844,0.24365781710914453,0.03126843657817109,Murder,Murder,True,,,,,,
CASE_00077,FULL_EVIDENCE,0.7250737463126844,0.24365781710914453,0.03126843657817109,Murder,Murder,True,,,,,,
CASE_00078,FULL_EVIDENCE,0.7603894974786993,0.15110415579899147,0.08850634672230914,Murder,Manslaughter,False,,,,,,
CASE_00079,FULL_EVIDENCE,0.6654088050314465,0.140125786163522,0.19446540880503146,Murder,Not_Guilty,False,,,,,,
CASE_00080,FULL_EVIDENCE,0.6915927334178286,0.2454583861427968,0.06294888043937474,Murder,Murder,True,,,,,,
CASE_00081,FULL_EVIDENCE,0.7603894974786993,0.15110415579899147,0.08850634672230914,Murder,Murder,True,,,,,,
CASE_00082,FULL_EVIDENCE,0.6654088050314465,0.140125786163522,0.19446540880503146,Murder,Murder,True,,,,,,
CASE_00083,FULL_EVIDENCE,0.7603894974786993,0.15110415579899147,0.08850634672230914,Murder,Murder,True,,,,,,
CASE_00084,FULL_EVIDENCE,0.7199800697558545,0.05032386646736422,0.22969606377678126,Murder,Not_Guilty,False,,,,,,
CASE_00085,FULL_EVIDENCE,0.6654088050314465,0.140125786163522,0.19446540880503146,Murder,Murder,True,,,,,,
CASE_00086,FULL_EVIDENCE,0.7603894974786993,0.15110415579899147,0.08850634672230914,Murder,Murder,True,,,,,,
CASE_00087,FULL_EVIDENCE,0.7603894974786993,0.15110415579899147,0.08850634672230914,Murder,Murder,True,,,,,,
CASE_00088,FULL_EVIDENCE,0.7603894974786993,0.15110415579899147,0.08850634672230914,Murder,Murder,True,,,,,,
CASE_00089,FULL_EVIDENCE,0.7605669450771956,0.13490255631485698,0.10453049860794734,Murder,Murder,True,,,,,,
CASE_00090,FULL_EVIDENCE,0.7603894974786993,0.15110415579899147,0.08850634672230914,Murder,Murder,True,,,,,,
CASE_00091,FULL_EVIDENCE,0.7603894974786993,0.15110415579899147,0.08850634672230914,Murder,Murder,True,,,,,,
CASE_00092,FULL_EVIDENCE,0.7603894974786993,0.15110415579899147,0.08850634672230914,Murder,Murder,True,,,,,,
CASE_00093,FULL_EVIDENCE,0.7603894974786993,0.15110415579899147,0.08850634672230914,Murder,Murder,True,,,,,,
CASE_00094,FULL_EVIDENCE,0.6915927334178286,0.2454583861427968,0.06294888043937474,Murder,Murder,True,,,,,,
CASE_00095,FULL_EVIDENCE,0.7603894974786993,0.15110415579899147,0.08850634672230914,Murder,Murder,True,,,,,,
CASE_00096,FULL_EVIDENCE,0.7603894974786993,0.15110415579899147,0.08850634672230914,Murder,Murder,True,,,,,,
CASE_00097,FULL_EVIDENCE,0.6654088050314465,0.140125786163522,0.19446540880503146,Murder,Murder,True,,,,,,
CASE_00098,FULL_EVIDENCE,0.7603894974786993,0.15110415579899147,0.08850634672230914,Murder,Murder,True,,,,,,
CASE_00099,FULL_EVIDENCE,0.6654088050314465,0.140125786163522,0.19446540880503146,Murder,Murder,True,,,,,,
CASE_00100,FULL_EVIDENCE,0.6654088050314465,0.140125786163522,0.19446540880503146,Murder,Not_Guilty,False,,,,,,
CASE_00101,FULL_EVIDENCE,0.7603894974786993,0.15110415579899147,0.08850634672230914,Murder,Murder,True,,,,,,
CASE_00102,FULL_EVIDENCE,0.7605669450771956,0.13490255631485698,0.10453049860794734,Murder,Manslaughter,False,,,,,,
CASE_00103,FULL_EVIDENCE,0.7605669450771956,0.13490255631485698,0.10453049860794734,Murder,Murder,True,,,,,,
CASE_00104,FULL_EVIDENCE,0.6654088050314465,0.140125786163522,0.19446540880503146,Murder,Manslaughter,False,,,,,,
CASE_00105,FULL_EVIDENCE,0.6915927334178286,0.2454583861427968,0.06294888043937474,Murder,Manslaughter,False,,,,,,
CASE_00106,FULL_EVIDENCE,0.7603894974786993,0.15110415579899147,0.08850634672230914,Murder,Murder,True,,,,,,
CASE_00107,FULL_EVIDENCE,0.6654088050314465,0.140125786163522,0.19446540880503146,Murder,Murder,True,,,,,,
CASE_00108,FULL_EVIDENCE,0.6654088050314465,0.140125786163522,0.19446540880503146,Murder,Murder,True,,,,,,
CASE_00109,FULL_EVIDENCE,0.6654088050314465,0.140125786163522,0.19446540880503146,Murder,Manslaughter,False,,,,,,
CASE_00110,FULL_EVIDENCE,0.7603894974786993,0.15110415579899147,0.08850634672230914,Murder,Not_Guilty,False,,,,,,
CASE_00111,FULL_EVIDENCE,0.7603894974786993,0.15110415579899147,0.08850634672230914,Murder,Murder,True,,,,,,
CASE_00112,FULL_EVIDENCE,0.6915927334178286,0.2454583861427968,0.06294888043937474,Murder,Murder,True,,,,,,
CASE_00113,FULL_EVIDENCE,0.7605669450771956,0.13490255631485698,0.10453049860794734,Murder,Not_Guilty,False,,,,,,
CASE_00114,FULL_EVIDENCE,0.6654088050314465,0.140125786163522,0.19446540880503146,Murder,Murder,True,,,,,,
CASE_00115,FULL_EVIDENCE,0.7199800697558545,0.05032386646736422,0.22969606377678126,Murder,Murder,True,,,,,,
CASE_00116,FULL_EVIDENCE,0.7603894974786993,0.15110415579899147,0.08850634672230914,Murder,Murder,True,,,,,,
CASE_00117,FULL_EVIDENCE,0.7603894974786993,0.15110415579899147,0.08850634672230914,Murder,Murder,True,,,,,,
CASE_00118,FULL_EVIDENCE,0.6915927334178286,0.2454583861427968,0.06294888043937474,Murder,Murder,True,,,,,,
CASE_00119,FULL_EVIDENCE,0.7603894974786993,0.15110415579899147,0.08850634672230914,Murder,Murder,True,,,,,,
CASE_00120,FULL_EVIDENCE,0.7605669450771956,0.13490255631485698,0.10453049860794734,Murder,Murder,True,,,,,,
CASE_00121,FULL_EVIDENCE,0.7250737463126844,0.24365781710914453,0.03126843657817109,Murder,Manslaughter,False,,,,,,
CASE_00122,FULL_EVIDENCE,0.6654088050314465,0.140125786163522,0.19446540880503146,Murder,Not_Guilty,False,,,,,,
CASE_00123,FULL_EVIDENCE,0.7605669450771956,0.13490255631485698,0.10453049860794734,Murder,Murder,True,,,,,,
CASE_00124,FULL_EVIDENCE,0.7603894974786993,0.15110415579899147,0.08850634672230914,Murder,Murder,True,,,,,,
CASE_00125,FULL_EVIDENCE,0.7603894974786993,0.15110415579899147,0.08850634672230914,Murder,Manslaughter,False,,,,,,
CASE_00126,FULL_EVIDENCE,0.7603894974786993,0.15110415579899147,0.08850634672230914,Murder,Murder,True,,,,,,
CASE_00127,FULL_EVIDENCE,0.7199800697558545,0.05032386646736422,0.22969606377678126,Murder,Murder,True,,,,,,
CASE_00128,FULL_EVIDENCE,0.7603894974786993,0.15110415579899147,0.08850634672230914,Murder,Murder,True,,,,,,
CASE_00129,FULL_EVIDENCE,0.6654088050314465,0.140125786163522,0.19446540880503146,Murder,Murder,True,,,,,,
CASE_00130,FULL_EVIDENCE,0.6915927334178286,0.2454583861427968,0.06294888043937474,Murder,Murder,True,,,,,,
CASE_00131,FULL_EVIDENCE,0.7603894974786993,0.15110415579899147,0.08850634672230914,Murder,Murder,True,,,,,,
CASE_00132,FULL_EVIDENCE,0.6915927334178286,0.2454583861427968,0.06294888043937474,Murder,Manslaughter,False,,,,,,
CASE_00133,FULL_EVIDENCE,0.7250737463126844,0.24365781710914453,0.03126843657817109,Murder,Manslaughter,False,,,,,,
CASE_00134,FULL_EVIDENCE,0.6654088050314465,0.140125786163522,0.19446540880503146,Murder,Murder,True,,,,,,
CASE_00135,FULL_EVIDENCE,0.7199800697558545,0.05032386646736422,0.22969606377678126,Murder,Murder,True,,,,,,
CASE_00137,FULL_EVIDENCE,0.6915927334178286,0.2454583861427968,0.06294888043937474,Murder,Murder,True,,,,,,
CASE_00138,FULL_EVIDENCE,0.7605669450771956,0.13490255631485698,0.10453049860794734,Murder,Murder,True,,,,,,
CASE_00139,FULL_EVIDENCE,0.7605669450771956,0.13490255631485698,0.10453049860794734,Murder,Murder,True,,,,,,
CASE_00140,FULL_EVIDENCE,0.7603894974786993,0.15110415579899147,0.08850634672230914,Murder,Murder,True,,,,,,
CASE_00141,FULL_EVIDENCE,0.7605669450771956,0.13490255631485698,0.10453049860794734,Murder,Murder,True,,,,,,
CASE_00142,FULL_EVIDENCE,0.7603894974786993,0.15110415579899147,0.08850634672230914,Murder,Murder,True,,,,,,
CASE_00143,FULL_EVIDENCE,0.6915927334178286,0.2454583861427968,0.06294888043937474,Murder,Murder,True,,,,,,
CASE_00144,FULL_EVIDENCE,0.7813333333333334,0.20533333333333334,0.013333333333333334,Murder,Murder,True,,,,,,
CASE_00145,FULL_EVIDENCE,0.7603894974786993,0.15110415579899147,0.08850634672230914,Murder,Murder,True,,,,,,
CASE_00146,FULL_EVIDENCE,0.7603894974786993,0.15110415579899147,0.08850634672230914,Murder,Murder,True,,,,,,
CASE_00147,FULL_EVIDENCE,0.7605669450771956,0.13490255631485698,0.10453049860794734,Murder,Manslaughter,False,,,,,,
CASE_00148,FULL_EVIDENCE,0.7605669450771956,0.13490255631485698,0.10453049860794734,Murder,Not_Guilty,False,,,,,,
CASE_00149,FULL_EVIDENCE,0.7199800697558545,0.05032386646736422,0.22969606377678126,Murder,Murder,True,,,,,,
CASE_00150,FULL_EVIDENCE,0.7603894974786993,0.15110415579899147,0.08850634672230914,Murder,Murder,True,,,,,,
CASE_00151,FULL_EVIDENCE,0.7199800697558545,0.05032386646736422,0.22969606377678126,Murder,Murder,True,,,,,,
CASE_00152,FULL_EVIDENCE,0.7605669450771956,0.13490255631485698,0.10453049860794734,Murder,Murder,True,,,,,,
CASE_00153,FULL_EVIDENCE,0.7603894974786993,0.15110415579899147,0.08850634672230914,Murder,Manslaughter,False,,,,,,
CASE_00154,FULL_EVIDENCE,0.7603894974786993,0.15110415579899147,0.08850634672230914,Murder,Murder,True,,,,,,
CASE_00155,FULL_EVIDENCE,0.7605669450771956,0.13490255631485698,0.10453049860794734,Murder,Murder,True,,,,,,
CASE_00156,FULL_EVIDENCE,0.7603894974786993,0.15110415579899147,0.08850634672230914,Murder,Murder,True,,,,,,
CASE_00157,FULL_EVIDENCE,0.7603894974786993,0.15110415579899147,0.08850634672230914,Murder,Manslaughter,False,,,,,,
CASE_00158,FULL_EVIDENCE,0.7603894974786993,0.15110415579899147,0.08850634672230914,Murder,Murder,True,,,,,,
CASE_00159,FULL_EVIDENCE,0.7603894974786993,0.15110415579899147,0.08850634672230914,Murder,Murder,True,,,,,,
CASE_00160,FULL_EVIDENCE,0.7603894974786993,0.15110415579899147,0.08850634672230914,Murder,Murder,True,,,,,,
CASE_00161,FULL_EVIDENCE,0.7603894974786993,0.15110415579899147,0.08850634672230914,Murder,Manslaughter,False,,,,,,
CASE_00162,FULL_EVIDENCE,0.7250737463126844,0.24365781710914453,0.03126843657817109,Murder,Murder,True,,,,,,
CASE_00163,FULL_EVIDENCE,0.7199800697558545,0.05032386646736422,0.22969606377678126,Murder,Not_Guilty,False,,,,,,
CASE_00164,FULL_EVIDENCE,0.7605669450771956,0.13490255631485698,0.10453049860794734,Murder,Murder,True,,,,,,
CASE_00165,FULL_EVIDENCE,0.7250737463126844,0.24365781710914453,0.03126843657817109,Murder,Murder,True,,,,,,
CASE_00166,FULL_EVIDENCE,0.6915927334178286,0.2454583861427968,0.06294888043937474,Murder,Murder,True,,,,,,
CASE_00167,FULL_EVIDENCE,0.7250737463126844,0.24365781710914453,0.03126843657817109,Murder,Manslaughter,False,,,,,,
CASE_00168,FULL_EVIDENCE,0.7603894974786993,0.15110415579899147,0.08850634672230914,Murder,Murder,True,,,,,,
CASE_00169,FULL_EVIDENCE,0.6915927334178286,0.2454583861427968,0.06294888043937474,Murder,Murder,True,,,,,,
CASE_00171,FULL_EVIDENCE,0.7603894974786993,0.15110415579899147,0.08850634672230914,Murder,Murder,True,,,,,,
CASE_00172,FULL_EVIDENCE,0.7603894974786993,0.15110415579899147,0.08850634672230914,Murder,Murder,True,,,,,,
CASE_00174,FULL_EVIDENCE,0.7199800697558545,0.05032386646736422,0.22969606377678126,Murder,Murder,True,,,,,,
CASE_00175,FULL_EVIDENCE,0.7250737463126844,0.24365781710914453,0.03126843657817109,Murder,Murder,True,,,,,,
CASE_00176,FULL_EVIDENCE,0.7603894974786993,0.15110415579899147,0.08850634672230914,Murder,Murder,True,,,,,,
CASE_00178,FULL_EVIDENCE,0.7199800697558545,0.05032386646736422,0.22969606377678126,Murder,Murder,True,,,,,,
CASE_00179,FULL_EVIDENCE,0.7199800697558545,0.05032386646736422,0.22969606377678126,Murder,Murder,True,,,,,,
CASE_00180,FULL_EVIDENCE,0.7603894974786993,0.15110415579899147,0.08850634672230914,Murder,Not_Guilty,False,,,,,,
CASE_00181,FULL_EVIDENCE,0.6915927334178286,0.2454583861427968,0.06294888043937474,Murder,Murder,True,,,,,,
CASE_00182,FULL_EVIDENCE,0.6654088050314465,0.140125786163522,0.19446540880503146,Murder,Murder,True,,,,,,
CASE_00183,FULL_EVIDENCE,0.7603894974786993,0.15110415579899147,0.08850634672230914,Murder,Manslaughter,False,,,,,,
CASE_00184,FULL_EVIDENCE,0.6915927334178286,0.2454583861427968,0.06294888043937474,Murder,Not_Guilty,False,,,,,,
CASE_00185,FULL_EVIDENCE,0.6654088050314465,0.140125786163522,0.19446540880503146,Murder,Murder,True,,,,,,
CASE_00186,FULL_EVIDENCE,0.7605669450771956,0.13490255631485698,0.10453049860794734,Murder,Manslaughter,False,,,,,,
CASE_00187,FULL_EVIDENCE,0.7605669450771956,0.13490255631485698,0.10453049860794734,Murder,Murder,True,,,,,,
CASE_00188,FULL_EVIDENCE,0.7605669450771956,0.13490255631485698,0.10453049860794734,Murder,Murder,True,,,,,,
CASE_00189,FULL_EVIDENCE,0.6654088050314465,0.140125786163522,0.19446540880503146,Murder,Murder,True,,,,,,
CASE_00190,FULL_EVIDENCE,0.7199800697558545,0.05032386646736422,0.22969606377678126,Murder,Murder,True,,,,,,
CASE_00191,FULL_EVIDENCE,0.7199800697558545,0.05032386646736422,0.22969606377678126,Murder,Murder,True,,,,,,
CASE_00192,FULL_EVIDENCE,0.7603894974786993,0.15110415579899147,0.08850634672230914,Murder,Murder,True,,,,,,
CASE_00193,FULL_EVIDENCE,0.6654088050314465,0.140125786163522,0.19446540880503146,Murder,Murder,True,,,,,,
CASE_00194,FULL_EVIDENCE,0.7603894974786993,0.15110415579899147,0.08850634672230914,Murder,Murder,True,,,,,,
CASE_00195,FULL_EVIDENCE,0.7603894974786993,0.15110415579899147,0.08850634672230914,Murder,Murder,True,,,,,,
CASE_00196,FULL_EVIDENCE,0.7603894974786993,0.15110415579899147,0.08850634672230914,Murder,Not_Guilty,False,,,,,,
CASE_00197,FULL_EVIDENCE,0.7603894974786993,0.15110415579899147,0.08850634672230914,Murder,Murder,True,,,,,,
CASE_00198,FULL_EVIDENCE,0.7603894974786993,0.15110415579899147,0.08850634672230914,Murder,Murder,True,,,,,,
CASE_00199,FULL_EVIDENCE,0.6915927334178286,0.2454583861427968,0.06294888043937474,Murder,Murder,True,,,,,,
CASE_00200,FULL_EVIDENCE,0.7603894974786993,0.15110415579899147,0.08850634672230914,Murder,Murder,True,,,,,,
CASE_00201,FULL_EVIDENCE,0.6654088050314465,0.140125786163522,0.19446540880503146,Murder,Not_Guilty,False,,,,,,
CASE_00202,FULL_EVIDENCE,0.6654088050314465,0.140125786163522,0.19446540880503146,Murder,Manslaughter,False,,,,,,
CASE_00203,FULL_EVIDENCE,0.6404040404040404,0.15555555555555556,0.20404040404040402,Murder,Manslaughter,False,,,,,,
CASE_00204,FULL_EVIDENCE,0.6654088050314465,0.140125786163522,0.19446540880503146,Murder,Manslaughter,False,,,,,,
CASE_00205,FULL_EVIDENCE,0.7603894974786993,0.15110415579899147,0.08850634672230914,Murder,Murder,True,,,,,,
CASE_00206,FULL_EVIDENCE,0.7250737463126844,0.24365781710914453,0.03126843657817109,Murder,Murder,True,,,,,,
CASE_00207,FULL_EVIDENCE,0.7603894974786993,0.15110415579899147,0.08850634672230914,Murder,Murder,True,,,,,,
CASE_00208,FULL_EVIDENCE,0.7605669450771956,0.13490255631485698,0.10453049860794734,Murder,Murder,True,,,,,,
CASE_00209,FULL_EVIDENCE,0.7603894974786993,0.15110415579899147,0.08850634672230914,Murder,Murder,True,,,,,,
CASE_00210,FULL_EVIDENCE,0.7199800697558545,0.05032386646736422,0.22969606377678126,Murder,Murder,True,,,,,,
CASE_00211,FULL_EVIDENCE,0.7605669450771956,0.13490255631485698,0.10453049860794734,Murder,Manslaughter,False,,,,,,
CASE_00212,FULL_EVIDENCE,0.6915927334178286,0.2454583861427968,0.06294888043937474,Murder,Murder,True,,,,,,
CASE_00213,FULL_EVIDENCE,0.7605669450771956,0.13490255631485698,0.10453049860794734,Murder,Murder,True,,,,,,
CASE_00214,FULL_EVIDENCE,0.7605669450771956,0.13490255631485698,0.10453049860794734,Murder,Manslaughter,False,,,,,,
CASE_00217,FULL_EVIDENCE,0.7199800697558545,0.05032386646736422,0.22969606377678126,Murder,Not_Guilty,False,,,,,,
CASE_00218,FULL_EVIDENCE,0.7603894974786993,0.15110415579899147,0.08850634672230914,Murder,Murder,True,,,,,,
CASE_00219,FULL_EVIDENCE,0.6915927334178286,0.2454583861427968,0.06294888043937474,Murder,Manslaughter,False,,,,,,
CASE_00220,FULL_EVIDENCE,0.7603894974786993,0.15110415579899147,0.08850634672230914,Murder,Murder,True,,,,,,
CASE_00221,FULL_EVIDENCE,0.7605669450771956,0.13490255631485698,0.10453049860794734,Murder,Manslaughter,False,,,,,,
CASE_00222,FULL_EVIDENCE,0.6654088050314465,0.140125786163522,0.19446540880503146,Murder,Murder,True,,,,,,
CASE_00223,FULL_EVIDENCE,0.7605669450771956,0.13490255631485698,0.10453049860794734,Murder,Not_Guilty,False,,,,,,
CASE_00224,FULL_EVIDENCE,0.6654088050314465,0.140125786163522,0.19446540880503146,Murder,Murder,True,,,,,,
CASE_00225,FULL_EVIDENCE,0.7603894974786993,0.15110415579899147,0.08850634672230914,Murder,Murder,True,,,,,,
CASE_00226,FULL_EVIDENCE,0.6915927334178286,0.2454583861427968,0.06294888043937474,Murder,Murder,True,,,,,,
CASE_00227,FULL_EVIDENCE,0.7199800697558545,0.05032386646736422,0.22969606377678126,Murder,Murder,True,,,,,,
CASE_00228,FULL_EVIDENCE,0.6915927334178286,0.2454583861427968,0.06294888043937474,Murder,Murder,True,,,,,,
CASE_00229,FULL_EVIDENCE,0.6915927334178286,0.2454583861427968,0.06294888043937474,Murder,Manslaughter,False,,,,,,
CASE_00230,FULL_EVIDENCE,0.7603894974786993,0.15110415579899147,0.08850634672230914,Murder,Murder,True,,,,,,
CASE_00231,FULL_EVIDENCE,0.7603894974786993,0.15110415579899147,0.08850634672230914,Murder,Murder,True,,,,,,
CASE_00232,FULL_EVIDENCE,0.7250737463126844,0.24365781710914453,0.03126843657817109,Murder,Not_Guilty,False,,,,,,
CASE_00233,FULL_EVIDENCE,0.7603894974786993,0.15110415579899147,0.08850634672230914,Murder,Murder,True,,,,,,
CASE_00234,FULL_EVIDENCE,0.7603894974786993,0.15110415579899147,0.08850634672230914,Murder,Murder,True,,,,,,
CASE_00235,FULL_EVIDENCE,0.7605669450771956,0.13490255631485698,0.10453049860794734,Murder,Murder,True,,,,,,
CASE_00236,FULL_EVIDENCE,0.7603894974786993,0.15110415579899147,0.08850634672230914,Murder,Murder,True,,,,,,
CASE_00237,FULL_EVIDENCE,0.7605669450771956,0.13490255631485698,0.10453049860794734,Murder,Murder,True,,,,,,
CASE_00238,FULL_EVIDENCE,0.7605669450771956,0.13490255631485698,0.10453049860794734,Murder,Murder,True,,,,,,
CASE_00239,FULL_EVIDENCE,0.6654088050314465,0.140125786163522,0.19446540880503146,Murder,Manslaughter,False,,,,,,
CASE_00240,FULL_EVIDENCE,0.7603894974786993,0.15110415579899147,0.08850634672230914,Murder,Murder,True,,,,,,
CASE_00241,FULL_EVIDENCE,0.7605669450771956,0.13490255631485698,0.10453049860794734,Murder,Not_Guilty,False,,,,,,
CASE_00242,FULL_EVIDENCE,0.7603894974786993,0.15110415579899147,0.08850634672230914,Murder,Murder,True,,,,,,
CASE_00243,FULL_EVIDENCE,0.7603894974786993,0.15110415579899147,0.08850634672230914,Murder,Murder,True,,,,,,
CASE_00244,FULL_EVIDENCE,0.7603894974786993,0.15110415579899147,0.08850634672230914,Murder,Murder,True,,,,,,
CASE_00245,FULL_EVIDENCE,0.7199800697558545,0.05032386646736422,0.22969606377678126,Murder,Murder,True,,,,,,
CASE_00246,FULL_EVIDENCE,0.7603894974786993,0.15110415579899147,0.08850634672230914,Murder,Murder,True,,,,,,
CASE_00247,FULL_EVIDENCE,0.6915927334178286,0.2454583861427968,0.06294888043937474,Murder,Murder,True,,,,,,
CASE_00248,FULL_EVIDENCE,0.7603894974786993,0.15110415579899147,0.08850634672230914,Murder,Murder,True,,,,,,
CASE_00249,FULL_EVIDENCE,0.7603894974786993,0.15110415579899147,0.08850634672230914,Murder,Murder,True,,,,,,
CASE_00250,FULL_EVIDENCE,0.7605669450771956,0.13490255631485698,0.10453049860794734,Murder,Not_Guilty,False,,,,,,
CASE_00251,FULL_EVIDENCE,0.7605669450771956,0.13490255631485698,0.10453049860794734,Murder,Murder,True,,,,,,
CASE_00252,FULL_EVIDENCE,0.7199800697558545,0.05032386646736422,0.22969606377678126,Murder,Not_Guilty,False,,,,,,
CASE_00253,FULL_EVIDENCE,0.7250737463126844,0.24365781710914453,0.03126843657817109,Murder,Manslaughter,False,,,,,,
CASE_00254,FULL_EVIDENCE,0.7250737463126844,0.24365781710914453,0.03126843657817109,Murder,Murder,True,,,,,,
CASE_00255,FULL_EVIDENCE,0.7605669450771956,0.13490255631485698,0.10453049860794734,Murder,Manslaughter,False,,,,,,
CASE_00256,FULL_EVIDENCE,0.7605669450771956,0.13490255631485698,0.10453049860794734,Murder,Murder,True,,,,,,
CASE_00257,FULL_EVIDENCE,0.7605669450771956,0.13490255631485698,0.10453049860794734,Murder,Not_Guilty,False,,,,,,
CASE_00258,FULL_EVIDENCE,0.7199800697558545,0.05032386646736422,0.22969606377678126,Murder,Murder,True,,,,,,
CASE_00259,FULL_EVIDENCE,0.7603894974786993,0.15110415579899147,0.08850634672230914,Murder,Manslaughter,False,,,,,,
CASE_00260,FULL_EVIDENCE,0.6654088050314465,0.140125786163522,0.19446540880503146,Murder,Murder,True,,,,,,
CASE_00261,FULL_EVIDENCE,0.6915927334178286,0.2454583861427968,0.06294888043937474,Murder,Murder,True,,,,,,
CASE_00262,FULL_EVIDENCE,0.7603894974786993,0.15110415579899147,0.08850634672230914,Murder,Manslaughter,False,,,,,,
CASE_00263,FULL_EVIDENCE,0.7605669450771956,0.13490255631485698,0.10453049860794734,Murder,Murder,True,,,,,,
CASE_00265,FULL_EVIDENCE,0.7813333333333334,0.20533333333333334,0.013333333333333334,Murder,Murder,True,,,,,,
CASE_00266,FULL_EVIDENCE,0.7603894974786993,0.15110415579899147,0.08850634672230914,Murder,Manslaughter,False,,,,,,
CASE_00267,FULL_EVIDENCE,0.7603894974786993,0.15110415579899147,0.08850634672230914,Murder,Murder,True,,,,,,
CASE_00268,FULL_EVIDENCE,0.7603894974786993,0.15110415579899147,0.08850634672230914,Murder,Not_Guilty,False,,,,,,
CASE_00269,FULL_EVIDENCE,0.7603894974786993,0.15110415579899147,0.08850634672230914,Murder,Manslaughter,False,,,,,,
CASE_00270,FULL_EVIDENCE,0.6654088050314465,0.140125786163522,0.19446540880503146,Murder,Murder,True,,,,,,
CASE_00271,FULL_EVIDENCE,0.7199800697558545,0.05032386646736422,0.22969606377678126,Murder,Murder,True,,,,,,
CASE_00272,FULL_EVIDENCE,0.7605669450771956,0.13490255631485698,0.10453049860794734,Murder,Murder,True,,,,,,
CASE_00274,FULL_EVIDENCE,0.7603894974786993,0.15110415579899147,0.08850634672230914,Murder,Murder,True,,,,,,
CASE_00275,FULL_EVIDENCE,0.7605669450771956,0.13490255631485698,0.10453049860794734,Murder,Murder,True,,,,,,
CASE_00276,FULL_EVIDENCE,0.6915927334178286,0.2454583861427968,0.06294888043937474,Murder,Murder,True,,,,,,
CASE_00277,FULL_EVIDENCE,0.7603894974786993,0.15110415579899147,0.08850634672230914,Murder,Murder,True,,,,,,
CASE_00278,FULL_EVIDENCE,0.7605669450771956,0.13490255631485698,0.10453049860794734,Murder,Murder,True,,,,,,
CASE_00279,FULL_EVIDENCE,0.7603894974786993,0.15110415579899147,0.08850634672230914,Murder,Murder,True,,,,,,
CASE_00281,FULL_EVIDENCE,0.6915927334178286,0.2454583861427968,0.06294888043937474,Murder,Murder,True,,,,,,
CASE_00282,FULL_EVIDENCE,0.7603894974786993,0.15110415579899147,0.08850634672230914,Murder,Murder,True,,,,,,
CASE_00283,FULL_EVIDENCE,0.6915927334178286,0.2454583861427968,0.06294888043937474,Murder,Murder,True,,,,,,
CASE_00284,FULL_EVIDENCE,0.7603894974786993,0.15110415579899147,0.08850634672230914,Murder,Murder,True,,,,,,
CASE_00285,FULL_EVIDENCE,0.6915927334178286,0.2454583861427968,0.06294888043937474,Murder,Murder,True,,,,,,
CASE_00286,FULL_EVIDENCE,0.6915927334178286,0.2454583861427968,0.06294888043937474,Murder,Murder,True,,,,,,
CASE_00287,FULL_EVIDENCE,0.7603894974786993,0.15110415579899147,0.08850634672230914,Murder,Murder,True,,,,,,
CASE_00288,FULL_EVIDENCE,0.7603894974786993,0.15110415579899147,0.08850634672230914,Murder,Murder,True,,,,,,
CASE_00289,FULL_EVIDENCE,0.7603894974786993,0.15110415579899147,0.08850634672230914,Murder,Manslaughter,False,,,,,,
CASE_00290,FULL_EVIDENCE,0.7603894974786993,0.15110415579899147,0.08850634672230914,Murder,Murder,True,,,,,,
CASE_00291,FULL_EVIDENCE,0.7603894974786993,0.15110415579899147,0.08850634672230914,Murder,Murder,True,,,,,,
CASE_00292,FULL_EVIDENCE,0.6654088050314465,0.140125786163522,0.19446540880503146,Murder,Murder,True,,,,,,
CASE_00293,FULL_EVIDENCE,0.7199800697558545,0.05032386646736422,0.22969606377678126,Murder,Murder,True,,,,,,
CASE_00294,FULL_EVIDENCE,0.7605669450771956,0.13490255631485698,0.10453049860794734,Murder,Murder,True,,,,,,
CASE_00295,FULL_EVIDENCE,0.6915927334178286,0.2454583861427968,0.06294888043937474,Murder,Murder,True,,,,,,
CASE_00296,FULL_EVIDENCE,0.6654088050314465,0.140125786163522,0.19446540880503146,Murder,Murder,True,,,,,,
CASE_00297,FULL_EVIDENCE,0.7603894974786993,0.15110415579899147,0.08850634672230914,Murder,Murder,True,,,,,,
CASE_00298,FULL_EVIDENCE,0.6915927334178286,0.2454583861427968,0.06294888043937474,Murder,Manslaughter,False,,,,,,
CASE_00299,FULL_EVIDENCE,0.6654088050314465,0.140125786163522,0.19446540880503146,Murder,Murder,True,,,,,,
CASE_00300,FULL_EVIDENCE,0.7603894974786993,0.15110415579899147,0.08850634672230914,Murder,Manslaughter,False,,,,,,
CASE_00302,FULL_EVIDENCE,0.7603894974786993,0.15110415579899147,0.08850634672230914,Murder,Manslaughter,False,,,,,,
CASE_00303,FULL_EVIDENCE,0.7603894974786993,0.15110415579899147,0.08850634672230914,Murder,Murder,True,,,,,,
CASE_00304,FULL_EVIDENCE,0.7605669450771956,0.13490255631485698,0.10453049860794734,Murder,Murder,True,,,,,,
CASE_00305,FULL_EVIDENCE,0.7605669450771956,0.13490255631485698,0.10453049860794734,Murder,Murder,True,,,,,,
CASE_00306,FULL_EVIDENCE,0.7603894974786993,0.15110415579899147,0.08850634672230914,Murder,Murder,True,,,,,,
CASE_00307,FULL_EVIDENCE,0.7603894974786993,0.15110415579899147,0.08850634672230914,Murder,Murder,True,,,,,,
CASE_00308,FULL_EVIDENCE,0.7605669450771956,0.13490255631485698,0.10453049860794734,Murder,Murder,True,,,,,,
CASE_00309,FULL_EVIDENCE,0.6654088050314465,0.140125786163522,0.19446540880503146,Murder,Murder,True,,,,,,
CASE_00310,FULL_EVIDENCE,0.7199800697558545,0.05032386646736422,0.22969606377678126,Murder,Murder,True,,,,,,
CASE_00311,FULL_EVIDENCE,0.7603894974786993,0.15110415579899147,0.08850634672230914,Murder,Murder,True,,,,,,
CASE_00312,FULL_EVIDENCE,0.7603894974786993,0.15110415579899147,0.08850634672230914,Murder,Not_Guilty,False,,,,,,
CASE_00313,FULL_EVIDENCE,0.6915927334178286,0.2454583861427968,0.06294888043937474,Murder,Murder,True,,,,,,
CASE_00314,FULL_EVIDENCE,0.7250737463126844,0.24365781710914453,0.03126843657817109,Murder,Murder,True,,,,,,
CASE_00315,FULL_EVIDENCE,0.6654088050314465,0.140125786163522,0.19446540880503146,Murder,Not_Guilty,False,,,,,,
CASE_00316,FULL_EVIDENCE,0.7605669450771956,0.13490255631485698,0.10453049860794734,Murder,Murder,True,,,,,,
CASE_00317,FULL_EVIDENCE,0.6404040404040404,0.15555555555555556,0.20404040404040402,Murder,Murder,True,,,,,,
CASE_00318,FULL_EVIDENCE,0.6654088050314465,0.140125786163522,0.19446540880503146,Murder,Not_Guilty,False,,,,,,
CASE_00319,FULL_EVIDENCE,0.7603894974786993,0.15110415579899147,0.08850634672230914,Murder,Murder,True,,,,,,
CASE_00320,FULL_EVIDENCE,0.7603894974786993,0.15110415579899147,0.08850634672230914,Murder,Manslaughter,False,,,,,,
CASE_00321,FULL_EVIDENCE,0.6404040404040404,0.15555555555555556,0.20404040404040402,Murder,Murder,True,,,,,,
CASE_00322,FULL_EVIDENCE,0.7603894974786993,0.15110415579899147,0.08850634672230914,Murder,Murder,True,,,,,,
CASE_00323,FULL_EVIDENCE,0.7605669450771956,0.13490255631485698,0.10453049860794734,Murder,Manslaughter,False,,,,,,
CASE_00324,FULL_EVIDENCE,0.7605669450771956,0.13490255631485698,0.10453049860794734,Murder,Murder,True,,,,,,
CASE_00325,FULL_EVIDENCE,0.7813333333333334,0.20533333333333334,0.013333333333333334,Murder,Murder,True,,,,,,
CASE_00326,FULL_EVIDENCE,0.7603894974786993,0.15110415579899147,0.08850634672230914,Murder,Murder,True,,,,,,
CASE_00327,FULL_EVIDENCE,0.7199800697558545,0.05032386646736422,0.22969606377678126,Murder,Murder,True,,,,,,
CASE_00328,FULL_EVIDENCE,0.7603894974786993,0.15110415579899147,0.08850634672230914,Murder,Murder,True,,,,,,
CASE_00329,FULL_EVIDENCE,0.7603894974786993,0.15110415579899147,0.08850634672230914,Murder,Manslaughter,False,,,,,,
CASE_00330,FULL_EVIDENCE,0.7603894974786993,0.15110415579899147,0.08850634672230914,Murder,Murder,True,,,,,,
CASE_00331,FULL_EVIDENCE,0.7250737463126844,0.24365781710914453,0.03126843657817109,Murder,Murder,True,,,,,,
CASE_00332,FULL_EVIDENCE,0.6915927334178286,0.2454583861427968,0.06294888043937474,Murder,Murder,True,,,,,,
CASE_00333,FULL_EVIDENCE,0.7199800697558545,0.05032386646736422,0.22969606377678126,Murder,Not_Guilty,False,,,,,,
CASE_00334,FULL_EVIDENCE,0.7603894974786993,0.15110415579899147,0.08850634672230914,Murder,Manslaughter,False,,,,,,
CASE_00335,FULL_EVIDENCE,0.6915927334178286,0.2454583861427968,0.06294888043937474,Murder,Manslaughter,False,,,,,,
CASE_00336,FULL_EVIDENCE,0.7199800697558545,0.05032386646736422,0.22969606377678126,Murder,Murder,True,,,,,,
CASE_00337,FULL_EVIDENCE,0.7603894974786993,0.15110415579899147,0.08850634672230914,Murder,Murder,True,,,,,,
CASE_00338,FULL_EVIDENCE,0.6915927334178286,0.2454583861427968,0.06294888043937474,Murder,Murder,True,,,,,,
CASE_00339,FULL_EVIDENCE,0.7603894974786993,0.15110415579899147,0.08850634672230914,Murder,Murder,True,,,,,,
CASE_00340,FULL_EVIDENCE,0.7199800697558545,0.05032386646736422,0.22969606377678126,Murder,Not_Guilty,False,,,,,,
CASE_00341,FULL_EVIDENCE,0.6404040404040404,0.15555555555555556,0.20404040404040402,Murder,Murder,True,,,,,,
CASE_00342,FULL_EVIDENCE,0.6654088050314465,0.140125786163522,0.19446540880503146,Murder,Not_Guilty,False,,,,,,
CASE_00343,FULL_EVIDENCE,0.7605669450771956,0.13490255631485698,0.10453049860794734,Murder,Murder,True,,,,,,
CASE_00344,FULL_EVIDENCE,0.6404040404040404,0.15555555555555556,0.20404040404040402,Murder,Murder,True,,,,,,
CASE_00345,FULL_EVIDENCE,0.6915927334178286,0.2454583861427968,0.06294888043937474,Murder,Murder,True,,,,,,
CASE_00346,FULL_EVIDENCE,0.7605669450771956,0.13490255631485698,0.10453049860794734,Murder,Not_Guilty,False,,,,,,
CASE_00347,FULL_EVIDENCE,0.6915927334178286,0.2454583861427968,0.06294888043937474,Murder,Murder,True,,,,,,
CASE_00348,FULL_EVIDENCE,0.7603894974786993,0.15110415579899147,0.08850634672230914,Murder,Murder,True,,,,,,
CASE_00349,FULL_EVIDENCE,0.7605669450771956,0.13490255631485698,0.10453049860794734,Murder,Murder,True,,,,,,
CASE_00350,FULL_EVIDENCE,0.7603894974786993,0.15110415579899147,0.08850634672230914,Murder,Murder,True,,,,,,
CASE_00351,FULL_EVIDENCE,0.7605669450771956,0.13490255631485698,0.10453049860794734,Murder,Murder,True,,,,,,
CASE_00352,FULL_EVIDENCE,0.7603894974786993,0.15110415579899147,0.08850634672230914,Murder,Murder,True,,,,,,
CASE_00353,FULL_EVIDENCE,0.6915927334178286,0.2454583861427968,0.06294888043937474,Murder,Murder,True,,,,,,
CASE_00354,FULL_EVIDENCE,0.7603894974786993,0.15110415579899147,0.08850634672230914,Murder,Murder,True,,,,,,
CASE_00355,FULL_EVIDENCE,0.6915927334178286,0.2454583861427968,0.06294888043937474,Murder,Murder,True,,,,,,
CASE_00356,FULL_EVIDENCE,0.7605669450771956,0.13490255631485698,0.10453049860794734,Murder,Murder,True,,,,,,
CASE_00357,FULL_EVIDENCE,0.6915927334178286,0.2454583861427968,0.06294888043937474,Murder,Murder,True,,,,,,
CASE_00358,FULL_EVIDENCE,0.6654088050314465,0.140125786163522,0.19446540880503146,Murder,Manslaughter,False,,,,,,
CASE_00359,FULL_EVIDENCE,0.7603894974786993,0.15110415579899147,0.08850634672230914,Murder,Murder,True,,,,,,
CASE_00360,FULL_EVIDENCE,0.7605669450771956,0.13490255631485698,0.10453049860794734,Murder,Murder,True,,,,,,
CASE_00361,FULL_EVIDENCE,0.7603894974786993,0.15110415579899147,0.08850634672230914,Murder,Murder,True,,,,,,
CASE_00362,FULL_EVIDENCE,0.6915927334178286,0.2454583861427968,0.06294888043937474,Murder,Murder,True,,,,,,
CASE_00363,FULL_EVIDENCE,0.7605669450771956,0.13490255631485698,0.10453049860794734,Murder,Murder,True,,,,,,
CASE_00364,FULL_EVIDENCE,0.7199800697558545,0.05032386646736422,0.22969606377678126,Murder,Murder,True,,,,,,
CASE_00365,FULL_EVIDENCE,0.7605669450771956,0.13490255631485698,0.10453049860794734,Murder,Murder,True,,,,,,
CASE_00366,FULL_EVIDENCE,0.7605669450771956,0.13490255631485698,0.10453049860794734,Murder,Murder,True,,,,,,
CASE_00367,FULL_EVIDENCE,0.7605669450771956,0.13490255631485698,0.10453049860794734,Murder,Murder,True,,,,,,
CASE_00368,FULL_EVIDENCE,0.7250737463126844,0.24365781710914453,0.03126843657817109,Murder,Murder,True,,,,,,
CASE_00369,FULL_EVIDENCE,0.7603894974786993,0.15110415579899147,0.08850634672230914,Murder,Murder,True,,,,,,
CASE_00370,FULL_EVIDENCE,0.6915927334178286,0.2454583861427968,0.06294888043937474,Murder,Murder,True,,,,,,
CASE_00371,FULL_EVIDENCE,0.7605669450771956,0.13490255631485698,0.10453049860794734,Murder,Murder,True,,,,,,
CASE_00372,FULL_EVIDENCE,0.7603894974786993,0.15110415579899147,0.08850634672230914,Murder,Murder,True,,,,,,
CASE_00373,FULL_EVIDENCE,0.6915927334178286,0.2454583861427968,0.06294888043937474,Murder,Murder,True,,,,,,
CASE_00374,FULL_EVIDENCE,0.7605669450771956,0.13490255631485698,0.10453049860794734,Murder,Not_Guilty,False,,,,,,
CASE_00375,FULL_EVIDENCE,0.7199800697558545,0.05032386646736422,0.22969606377678126,Murder,Murder,True,,,,,,
CASE_00376,FULL_EVIDENCE,0.7605669450771956,0.13490255631485698,0.10453049860794734,Murder,Murder,True,,,,,,
CASE_00377,FULL_EVIDENCE,0.7605669450771956,0.13490255631485698,0.10453049860794734,Murder,Murder,True,,,,,,
CASE_00378,FULL_EVIDENCE,0.7603894974786993,0.15110415579899147,0.08850634672230914,Murder,Murder,True,,,,,,
CASE_00379,FULL_EVIDENCE,0.7603894974786993,0.15110415579899147,0.08850634672230914,Murder,Murder,True,,,,,,
CASE_00380,FULL_EVIDENCE,0.6654088050314465,0.140125786163522,0.19446540880503146,Murder,Murder,True,,,,,,
CASE_00381,FULL_EVIDENCE,0.7603894974786993,0.15110415579899147,0.08850634672230914,Murder,Murder,True,,,,,,
CASE_00382,FULL_EVIDENCE,0.6915927334178286,0.2454583861427968,0.06294888043937474,Murder,Manslaughter,False,,,,,,
CASE_00383,FULL_EVIDENCE,0.7603894974786993,0.15110415579899147,0.08850634672230914,Murder,Manslaughter,False,,,,,,
CASE_00384,FULL_EVIDENCE,0.7605669450771956,0.13490255631485698,0.10453049860794734,Murder,Manslaughter,False,,,,,,
CASE_00385,FULL_EVIDENCE,0.7250737463126844,0.24365781710914453,0.03126843657817109,Murder,Manslaughter,False,,,,,,
CASE_00386,FULL_EVIDENCE,0.6654088050314465,0.140125786163522,0.19446540880503146,Murder,Murder,True,,,,,,
CASE_00387,FULL_EVIDENCE,0.7199800697558545,0.05032386646736422,0.22969606377678126,Murder,Not_Guilty,False,,,,,,
CASE_00388,FULL_EVIDENCE,0.7603894974786993,0.15110415579899147,0.08850634672230914,Murder,Murder,True,,,,,,
CASE_00389,FULL_EVIDENCE,0.7603894974786993,0.15110415579899147,0.08850634672230914,Murder,Murder,True,,,,,,
CASE_00390,FULL_EVIDENCE,0.6654088050314465,0.140125786163522,0.19446540880503146,Murder,Murder,True,,,,,,
CASE_00391,FULL_EVIDENCE,0.7603894974786993,0.15110415579899147,0.08850634672230914,Murder,Murder,True,,,,,,
CASE_00392,FULL_EVIDENCE,0.6915927334178286,0.2454583861427968,0.06294888043937474,Murder,Murder,True,,,,,,
CASE_00393,FULL_EVIDENCE,0.7199800697558545,0.05032386646736422,0.22969606377678126,Murder,Murder,True,,,,,,
CASE_00394,FULL_EVIDENCE,0.7603894974786993,0.15110415579899147,0.08850634672230914,Murder,Murder,True,,,,,,
CASE_00395,FULL_EVIDENCE,0.7199800697558545,0.05032386646736422,0.22969606377678126,Murder,Murder,True,,,,,,
CASE_00396,FULL_EVIDENCE,0.7603894974786993,0.15110415579899147,0.08850634672230914,Murder,Not_Guilty,False,,,,,,
CASE_00397,FULL_EVIDENCE,0.7250737463126844,0.24365781710914453,0.03126843657817109,Murder,Murder,True,,,,,,
CASE_00398,FULL_EVIDENCE,0.6654088050314465,0.140125786163522,0.19446540880503146,Murder,Murder,True,,,,,,
CASE_00399,FULL_EVIDENCE,0.7605669450771956,0.13490255631485698,0.10453049860794734,Murder,Murder,True,,,,,,
CASE_00400,FULL_EVIDENCE,0.7603894974786993,0.15110415579899147,0.08850634672230914,Murder,Murder,True,,,,,,
CASE_00401,FULL_EVIDENCE,0.7199800697558545,0.05032386646736422,0.22969606377678126,Murder,Murder,True,,,,,,
CASE_00402,FULL_EVIDENCE,0.6915927334178286,0.2454583861427968,0.06294888043937474,Murder,Manslaughter,False,,,,,,
CASE_00403,FULL_EVIDENCE,0.7603894974786993,0.15110415579899147,0.08850634672230914,Murder,Murder,True,,,,,,
CASE_00404,FULL_EVIDENCE,0.6915927334178286,0.2454583861427968,0.06294888043937474,Murder,Murder,True,,,,,,
CASE_00405,FULL_EVIDENCE,0.7603894974786993,0.15110415579899147,0.08850634672230914,Murder,Murder,True,,,,,,
CASE_00406,FULL_EVIDENCE,0.6654088050314465,0.140125786163522,0.19446540880503146,Murder,Murder,True,,,,,,
CASE_00407,FULL_EVIDENCE,0.6915927334178286,0.2454583861427968,0.06294888043937474,Murder,Murder,True,,,,,,
CASE_00408,FULL_EVIDENCE,0.7603894974786993,0.15110415579899147,0.08850634672230914,Murder,Murder,True,,,,,,
CASE_00409,FULL_EVIDENCE,0.7603894974786993,0.15110415579899147,0.08850634672230914,Murder,Murder,True,,,,,,
CASE_00410,FULL_EVIDENCE,0.7250737463126844,0.24365781710914453,0.03126843657817109,Murder,Murder,True,,,,,,
CASE_00411,FULL_EVIDENCE,0.7250737463126844,0.24365781710914453,0.03126843657817109,Murder,Murder,True,,,,,,
CASE_00412,FULL_EVIDENCE,0.7605669450771956,0.13490255631485698,0.10453049860794734,Murder,Murder,True,,,,,,
CASE_00413,FULL_EVIDENCE,0.6915927334178286,0.2454583861427968,0.06294888043937474,Murder,Murder,True,,,,,,
CASE_00414,FULL_EVIDENCE,0.6654088050314465,0.140125786163522,0.19446540880503146,Murder,Murder,True,,,,,,
CASE_00415,FULL_EVIDENCE,0.7603894974786993,0.15110415579899147,0.08850634672230914,Murder,Murder,True,,,,,,
CASE_00416,FULL_EVIDENCE,0.7605669450771956,0.13490255631485698,0.10453049860794734,Murder,Murder,True,,,,,,
CASE_00417,FULL_EVIDENCE,0.7603894974786993,0.15110415579899147,0.08850634672230914,Murder,Murder,True,,,,,,
CASE_00418,FULL_EVIDENCE,0.6915927334178286,0.2454583861427968,0.06294888043937474,Murder,Manslaughter,False,,,,,,
CASE_00419,FULL_EVIDENCE,0.7603894974786993,0.15110415579899147,0.08850634672230914,Murder,Murder,True,,,,,,
CASE_00420,FULL_EVIDENCE,0.6915927334178286,0.2454583861427968,0.06294888043937474,Murder,Murder,True,,,,,,
CASE_00421,FULL_EVIDENCE,0.7813333333333334,0.20533333333333334,0.013333333333333334,Murder,Murder,True,,,,,,
CASE_00422,FULL_EVIDENCE,0.7603894974786993,0.15110415579899147,0.08850634672230914,Murder,Murder,True,,,,,,
CASE_00423,FULL_EVIDENCE,0.7603894974786993,0.15110415579899147,0.08850634672230914,Murder,Murder,True,,,,,,
CASE_00424,FULL_EVIDENCE,0.7603894974786993,0.15110415579899147,0.08850634672230914,Murder,Murder,True,,,,,,
CASE_00425,FULL_EVIDENCE,0.6915927334178286,0.2454583861427968,0.06294888043937474,Murder,Murder,True,,,,,,
CASE_00426,FULL_EVIDENCE,0.7605669450771956,0.13490255631485698,0.10453049860794734,Murder,Manslaughter,False,,,,,,
CASE_00427,FULL_EVIDENCE,0.6915927334178286,0.2454583861427968,0.06294888043937474,Murder,Murder,True,,,,,,
CASE_00428,FULL_EVIDENCE,0.7605669450771956,0.13490255631485698,0.10453049860794734,Murder,Murder,True,,,,,,
CASE_00429,FULL_EVIDENCE,0.7250737463126844,0.24365781710914453,0.03126843657817109,Murder,Murder,True,,,,,,
CASE_00430,FULL_EVIDENCE,0.7250737463126844,0.24365781710914453,0.03126843657817109,Murder,Murder,True,,,,,,
CASE_00431,FULL_EVIDENCE,0.7603894974786993,0.15110415579899147,0.08850634672230914,Murder,Manslaughter,False,,,,,,
CASE_00432,FULL_EVIDENCE,0.7250737463126844,0.24365781710914453,0.03126843657817109,Murder,Murder,True,,,,,,
CASE_00433,FULL_EVIDENCE,0.7199800697558545,0.05032386646736422,0.22969606377678126,Murder,Murder,True,,,,,,
CASE_00434,FULL_EVIDENCE,0.7603894974786993,0.15110415579899147,0.08850634672230914,Murder,Murder,True,,,,,,
CASE_00435,FULL_EVIDENCE,0.7603894974786993,0.15110415579899147,0.08850634672230914,Murder,Murder,True,,,,,,
CASE_00436,FULL_EVIDENCE,0.7605669450771956,0.13490255631485698,0.10453049860794734,Murder,Murder,True,,,,,,
CASE_00437,FULL_EVIDENCE,0.7605669450771956,0.13490255631485698,0.10453049860794734,Murder,Murder,True,,,,,,
CASE_00438,FULL_EVIDENCE,0.7199800697558545,0.05032386646736422,0.22969606377678126,Murder,Murder,True,,,,,,
CASE_00439,FULL_EVIDENCE,0.7603894974786993,0.15110415579899147,0.08850634672230914,Murder,Murder,True,,,,,,
CASE_00440,FULL_EVIDENCE,0.7250737463126844,0.24365781710914453,0.03126843657817109,Murder,Murder,True,,,,,,
CASE_00441,FULL_EVIDENCE,0.7605669450771956,0.13490255631485698,0.10453049860794734,Murder,Murder,True,,,,,,
CASE_00442,FULL_EVIDENCE,0.6654088050314465,0.140125786163522,0.19446540880503146,Murder,Murder,True,,,,,,
CASE_00443,FULL_EVIDENCE,0.7250737463126844,0.24365781710914453,0.03126843657817109,Murder,Manslaughter,False,,,,,,
CASE_00444,FULL_EVIDENCE,0.7605669450771956,0.13490255631485698,0.10453049860794734,Murder,Murder,True,,,,,,
CASE_00445,FULL_EVIDENCE,0.7605669450771956,0.13490255631485698,0.10453049860794734,Murder,Not_Guilty,False,,,,,,
CASE_00446,FULL_EVIDENCE,0.6654088050314465,0.140125786163522,0.19446540880503146,Murder,Not_Guilty,False,,,,,,
CASE_00447,FULL_EVIDENCE,0.6915927334178286,0.2454583861427968,0.06294888043937474,Murder,Murder,True,,,,,,
CASE_00448,FULL_EVIDENCE,0.7605669450771956,0.13490255631485698,0.10453049860794734,Murder,Murder,True,,,,,,
CASE_00449,FULL_EVIDENCE,0.7250737463126844,0.24365781710914453,0.03126843657817109,Murder,Manslaughter,False,,,,,,
CASE_00450,FULL_EVIDENCE,0.6915927334178286,0.2454583861427968,0.06294888043937474,Murder,Manslaughter,False,,,,,,
CASE_00451,FULL_EVIDENCE,0.7605669450771956,0.13490255631485698,0.10453049860794734,Murder,Manslaughter,False,,,,,,
CASE_00452,FULL_EVIDENCE,0.7603894974786993,0.15110415579899147,0.08850634672230914,Murder,Murder,True,,,,,,
CASE_00453,FULL_EVIDENCE,0.7603894974786993,0.15110415579899147,0.08850634672230914,Murder,Murder,True,,,,,,
CASE_00454,FULL_EVIDENCE,0.7605669450771956,0.13490255631485698,0.10453049860794734,Murder,Murder,True,,,,,,
CASE_00455,FULL_EVIDENCE,0.6654088050314465,0.140125786163522,0.19446540880503146,Murder,Not_Guilty,False,,,,,,
CASE_00456,FULL_EVIDENCE,0.7603894974786993,0.15110415579899147,0.08850634672230914,Murder,Murder,True,,,,,,
CASE_00457,FULL_EVIDENCE,0.7603894974786993,0.15110415579899147,0.08850634672230914,Murder,Murder,True,,,,,,
CASE_00458,FULL_EVIDENCE,0.7199800697558545,0.05032386646736422,0.22969606377678126,Murder,Not_Guilty,False,,,,,,
CASE_00459,FULL_EVIDENCE,0.7603894974786993,0.15110415579899147,0.08850634672230914,Murder,Manslaughter,False,,,,,,
CASE_00460,FULL_EVIDENCE,0.7603894974786993,0.15110415579899147,0.08850634672230914,Murder,Not_Guilty,False,,,,,,
CASE_00461,FULL_EVIDENCE,0.7250737463126844,0.24365781710914453,0.03126843657817109,Murder,Manslaughter,False,,,,,,
CASE_00462,FULL_EVIDENCE,0.7603894974786993,0.15110415579899147,0.08850634672230914,Murder,Manslaughter,False,,,,,,
CASE_00463,FULL_EVIDENCE,0.7603894974786993,0.15110415579899147,0.08850634672230914,Murder,Murder,True,,,,,,
CASE_00464,FULL_EVIDENCE,0.6654088050314465,0.140125786163522,0.19446540880503146,Murder,Murder,True,,,,,,
CASE_00465,FULL_EVIDENCE,0.7605669450771956,0.13490255631485698,0.10453049860794734,Murder,Murder,True,,,,,,
CASE_00466,FULL_EVIDENCE,0.7605669450771956,0.13490255631485698,0.10453049860794734,Murder,Murder,True,,,,,,
CASE_00467,FULL_EVIDENCE,0.7603894974786993,0.15110415579899147,0.08850634672230914,Murder,Murder,True,,,,,,
CASE_00468,FULL_EVIDENCE,0.7250737463126844,0.24365781710914453,0.03126843657817109,Murder,Murder,True,,,,,,
CASE_00469,FULL_EVIDENCE,0.6654088050314465,0.140125786163522,0.19446540880503146,Murder,Murder,True,,,,,,
CASE_00470,FULL_EVIDENCE,0.7603894974786993,0.15110415579899147,0.08850634672230914,Murder,Murder,True,,,,,,
CASE_00471,FULL_EVIDENCE,0.7605669450771956,0.13490255631485698,0.10453049860794734,Murder,Murder,True,,,,,,
CASE_00472,FULL_EVIDENCE,0.6654088050314465,0.140125786163522,0.19446540880503146,Murder,Not_Guilty,False,,,,,,
CASE_00473,FULL_EVIDENCE,0.7199800697558545,0.05032386646736422,0.22969606377678126,Murder,Murder,True,,,,,,
CASE_00474,FULL_EVIDENCE,0.7250737463126844,0.24365781710914453,0.03126843657817109,Murder,Murder,True,,,,,,
CASE_00475,FULL_EVIDENCE,0.6654088050314465,0.140125786163522,0.19446540880503146,Murder,Not_Guilty,False,,,,,,
CASE_00476,FULL_EVIDENCE,0.7250737463126844,0.24365781710914453,0.03126843657817109,Murder,Murder,True,,,,,,
CASE_00477,FULL_EVIDENCE,0.6915927334178286,0.2454583861427968,0.06294888043937474,Murder,Murder,True,,,,,,
CASE_00478,FULL_EVIDENCE,0.7605669450771956,0.13490255631485698,0.10453049860794734,Murder,Murder,True,,,,,,
CASE_00479,FULL_EVIDENCE,0.7603894974786993,0.15110415579899147,0.08850634672230914,Murder,Murder,True,,,,,,
CASE_00480,FULL_EVIDENCE,0.7605669450771956,0.13490255631485698,0.10453049860794734,Murder,Murder,True,,,,,,
CASE_00481,FULL_EVIDENCE,0.7603894974786993,0.15110415579899147,0.08850634672230914,Murder,Not_Guilty,False,,,,,,
CASE_00482,FULL_EVIDENCE,0.7250737463126844,0.24365781710914453,0.03126843657817109,Murder,Manslaughter,False,,,,,,
CASE_00483,FULL_EVIDENCE,0.7813333333333334,0.20533333333333334,0.013333333333333334,Murder,Murder,True,,,,,,
CASE_00484,FULL_EVIDENCE,0.7199800697558545,0.05032386646736422,0.22969606377678126,Murder,Murder,True,,,,,,
CASE_00485,FULL_EVIDENCE,0.7603894974786993,0.15110415579899147,0.08850634672230914,Murder,Murder,True,,,,,,
CASE_00486,FULL_EVIDENCE,0.6915927334178286,0.2454583861427968,0.06294888043937474,Murder,Murder,True,,,,,,
CASE_00487,FULL_EVIDENCE,0.6915927334178286,0.2454583861427968,0.06294888043937474,Murder,Not_Guilty,False,,,,,,
CASE_00488,FULL_EVIDENCE,0.7603894974786993,0.15110415579899147,0.08850634672230914,Murder,Murder,True,,,,,,
CASE_00489,FULL_EVIDENCE,0.7605669450771956,0.13490255631485698,0.10453049860794734,Murder,Murder,True,,,,,,
CASE_00490,FULL_EVIDENCE,0.7605669450771956,0.13490255631485698,0.10453049860794734,Murder,Manslaughter,False,,,,,,
CASE_00491,FULL_EVIDENCE,0.7603894974786993,0.15110415579899147,0.08850634672230914,Murder,Murder,True,,,,,,
CASE_00492,FULL_EVIDENCE,0.7605669450771956,0.13490255631485698,0.10453049860794734,Murder,Murder,True,,,,,,
CASE_00493,FULL_EVIDENCE,0.7603894974786993,0.15110415579899147,0.08850634672230914,Murder,Manslaughter,False,,,,,,
CASE_00494,FULL_EVIDENCE,0.6915927334178286,0.2454583861427968,0.06294888043937474,Murder,Manslaughter,False,,,,,,
CASE_00495,FULL_EVIDENCE,0.6654088050314465,0.140125786163522,0.19446540880503146,Murder,Manslaughter,False,,,,,,
CASE_00496,FULL_EVIDENCE,0.7603894974786993,0.15110415579899147,0.08850634672230914,Murder,Murder,True,,,,,,
CASE_00497,FULL_EVIDENCE,0.7603894974786993,0.15110415579899147,0.08850634672230914,Murder,Murder,True,,,,,,
CASE_00498,FULL_EVIDENCE,0.7250737463126844,0.24365781710914453,0.03126843657817109,Murder,Murder,True,,,,,,
CASE_00500,FULL_EVIDENCE,0.7603894974786993,0.15110415579899147,0.08850634672230914,Murder,Murder,True,,,,,,
CASE_00501,FULL_EVIDENCE,0.7605669450771956,0.13490255631485698,0.10453049860794734,Murder,Murder,True,,,,,,
CASE_00502,FULL_EVIDENCE,0.7605669450771956,0.13490255631485698,0.10453049860794734,Murder,Murder,True,,,,,,
CASE_00503,FULL_EVIDENCE,0.6915927334178286,0.2454583861427968,0.06294888043937474,Murder,Murder,True,,,,,,
CASE_00504,FULL_EVIDENCE,0.7603894974786993,0.15110415579899147,0.08850634672230914,Murder,Murder,True,,,,,,
CASE_00505,FULL_EVIDENCE,0.6915927334178286,0.2454583861427968,0.06294888043937474,Murder,Manslaughter,False,,,,,,
CASE_00506,FULL_EVIDENCE,0.6654088050314465,0.140125786163522,0.19446540880503146,Murder,Murder,True,,,,,,
CASE_00507,FULL_EVIDENCE,0.7605669450771956,0.13490255631485698,0.10453049860794734,Murder,Not_Guilty,False,,,,,,
CASE_00508,FULL_EVIDENCE,0.7605669450771956,0.13490255631485698,0.10453049860794734,Murder,Murder,True,,,,,,
CASE_00509,FULL_EVIDENCE,0.7605669450771956,0.13490255631485698,0.10453049860794734,Murder,Not_Guilty,False,,,,,,
CASE_00510,FULL_EVIDENCE,0.6654088050314465,0.140125786163522,0.19446540880503146,Murder,Manslaughter,False,,,,,,
CASE_00511,FULL_EVIDENCE,0.7605669450771956,0.13490255631485698,0.10453049860794734,Murder,Murder,True,,,,,,
CASE_00512,FULL_EVIDENCE,0.6404040404040404,0.15555555555555556,0.20404040404040402,Murder,Murder,True,,,,,,
CASE_00513,FULL_EVIDENCE,0.7603894974786993,0.15110415579899147,0.08850634672230914,Murder,Murder,True,,,,,,
CASE_00514,FULL_EVIDENCE,0.7605669450771956,0.13490255631485698,0.10453049860794734,Murder,Murder,True,,,,,,
CASE_00515,FULL_EVIDENCE,0.7603894974786993,0.15110415579899147,0.08850634672230914,Murder,Murder,True,,,,,,
CASE_00516,FULL_EVIDENCE,0.7603894974786993,0.15110415579899147,0.08850634672230914,Murder,Manslaughter,False,,,,,,
CASE_00517,FULL_EVIDENCE,0.7603894974786993,0.15110415579899147,0.08850634672230914,Murder,Murder,True,,,,,,
CASE_00518,FULL_EVIDENCE,0.7250737463126844,0.24365781710914453,0.03126843657817109,Murder,Murder,True,,,,,,
CASE_00519,FULL_EVIDENCE,0.7605669450771956,0.13490255631485698,0.10453049860794734,Murder,Murder,True,,,,,,
CASE_00520,FULL_EVIDENCE,0.7605669450771956,0.13490255631485698,0.10453049860794734,Murder,Murder,True,,,,,,
CASE_00521,FULL_EVIDENCE,0.6915927334178286,0.2454583861427968,0.06294888043937474,Murder,Murder,True,,,,,,
CASE_00522,FULL_EVIDENCE,0.7603894974786993,0.15110415579899147,0.08850634672230914,Murder,Murder,True,,,,,,
CASE_00523,FULL_EVIDENCE,0.7603894974786993,0.15110415579899147,0.08850634672230914,Murder,Murder,True,,,,,,
CASE_00524,FULL_EVIDENCE,0.7603894974786993,0.15110415579899147,0.08850634672230914,Murder,Murder,True,,,,,,
CASE_00525,FULL_EVIDENCE,0.7603894974786993,0.15110415579899147,0.08850634672230914,Murder,Murder,True,,,,,,
CASE_00526,FULL_EVIDENCE,0.7605669450771956,0.13490255631485698,0.10453049860794734,Murder,Murder,True,,,,,,
CASE_00527,FULL_EVIDENCE,0.7250737463126844,0.24365781710914453,0.03126843657817109,Murder,Not_Guilty,False,,,,,,
CASE_00528,FULL_EVIDENCE,0.6654088050314465,0.140125786163522,0.19446540880503146,Murder,Not_Guilty,False,,,,,,
CASE_00529,FULL_EVIDENCE,0.7813333333333334,0.20533333333333334,0.013333333333333334,Murder,Murder,True,,,,,,
CASE_00531,FULL_EVIDENCE,0.6654088050314465,0.140125786163522,0.19446540880503146,Murder,Manslaughter,False,,,,,,
CASE_00532,FULL_EVIDENCE,0.7605669450771956,0.13490255631485698,0.10453049860794734,Murder,Murder,True,,,,,,
CASE_00533,FULL_EVIDENCE,0.7605669450771956,0.13490255631485698,0.10453049860794734,Murder,Not_Guilty,False,,,,,,
CASE_00534,FULL_EVIDENCE,0.6915927334178286,0.2454583861427968,0.06294888043937474,Murder,Murder,True,,,,,,
CASE_00535,FULL_EVIDENCE,0.6654088050314465,0.140125786163522,0.19446540880503146,Murder,Murder,True,,,,,,
CASE_00536,FULL_EVIDENCE,0.7603894974786993,0.15110415579899147,0.08850634672230914,Murder,Manslaughter,False,,,,,,
CASE_00537,FULL_EVIDENCE,0.7199800697558545,0.05032386646736422,0.22969606377678126,Murder,Manslaughter,False,,,,,,
CASE_00538,FULL_EVIDENCE,0.7250737463126844,0.24365781710914453,0.03126843657817109,Murder,Murder,True,,,,,,
CASE_00539,FULL_EVIDENCE,0.7603894974786993,0.15110415579899147,0.08850634672230914,Murder,Not_Guilty,False,,,,,,
CASE_00540,FULL_EVIDENCE,0.7603894974786993,0.15110415579899147,0.08850634672230914,Murder,Murder,True,,,,,,
CASE_00541,FULL_EVIDENCE,0.7605669450771956,0.13490255631485698,0.10453049860794734,Murder,Murder,True,,,,,,
CASE_00542,FULL_EVIDENCE,0.6654088050314465,0.140125786163522,0.19446540880503146,Murder,Not_Guilty,False,,,,,,
CASE_00543,FULL_EVIDENCE,0.7603894974786993,0.15110415579899147,0.08850634672230914,Murder,Murder,True,,,,,,
CASE_00544,FULL_EVIDENCE,0.6654088050314465,0.140125786163522,0.19446540880503146,Murder,Not_Guilty,False,,,,,,
CASE_00545,FULL_EVIDENCE,0.7605669450771956,0.13490255631485698,0.10453049860794734,Murder,Murder,True,,,,,,
CASE_00546,FULL_EVIDENCE,0.7603894974786993,0.15110415579899147,0.08850634672230914,Murder,Murder,True,,,,,,
CASE_00547,FULL_EVIDENCE,0.7605669450771956,0.13490255631485698,0.10453049860794734,Murder,Murder,True,,,,,,
CASE_00548,FULL_EVIDENCE,0.7250737463126844,0.24365781710914453,0.03126843657817109,Murder,Murder,True,,,,,,
CASE_00549,FULL_EVIDENCE,0.7813333333333334,0.20533333333333334,0.013333333333333334,Murder,Murder,True,,,,,,
CASE_00550,FULL_EVIDENCE,0.7603894974786993,0.15110415579899147,0.08850634672230914,Murder,Murder,True,,,,,,
CASE_00551,FULL_EVIDENCE,0.6915927334178286,0.2454583861427968,0.06294888043937474,Murder,Murder,True,,,,,,
CASE_00552,FULL_EVIDENCE,0.6404040404040404,0.15555555555555556,0.20404040404040402,Murder,Manslaughter,False,,,,,,
CASE_00553,FULL_EVIDENCE,0.6654088050314465,0.140125786163522,0.19446540880503146,Murder,Not_Guilty,False,,,,,,
CASE_00554,FULL_EVIDENCE,0.6654088050314465,0.140125786163522,0.19446540880503146,Murder,Not_Guilty,False,,,,,,
CASE_00555,FULL_EVIDENCE,0.6654088050314465,0.140125786163522,0.19446540880503146,Murder,Not_Guilty,False,,,,,,
CASE_00556,FULL_EVIDENCE,0.7603894974786993,0.15110415579899147,0.08850634672230914,Murder,Murder,True,,,,,,
CASE_00557,FULL_EVIDENCE,0.7603894974786993,0.15110415579899147,0.08850634672230914,Murder,Manslaughter,False,,,,,,
CASE_00558,FULL_EVIDENCE,0.6654088050314465,0.140125786163522,0.19446540880503146,Murder,Murder,True,,,,,,
CASE_00559,FULL_EVIDENCE,0.6404040404040404,0.15555555555555556,0.20404040404040402,Murder,Not_Guilty,False,,,,,,
CASE_00560,FULL_EVIDENCE,0.6654088050314465,0.140125786163522,0.19446540880503146,Murder,Murder,True,,,,,,
CASE_00561,FULL_EVIDENCE,0.6654088050314465,0.140125786163522,0.19446540880503146,Murder,Murder,True,,,,,,
CASE_00562,FULL_EVIDENCE,0.7603894974786993,0.15110415579899147,0.08850634672230914,Murder,Murder,True,,,,,,
CASE_00563,FULL_EVIDENCE,0.7603894974786993,0.15110415579899147,0.08850634672230914,Murder,Murder,True,,,,,,
CASE_00564,FULL_EVIDENCE,0.7605669450771956,0.13490255631485698,0.10453049860794734,Murder,Murder,True,,,,,,
CASE_00565,FULL_EVIDENCE,0.6654088050314465,0.140125786163522,0.19446540880503146,Murder,Not_Guilty,False,,,,,,
CASE_00566,FULL_EVIDENCE,0.6654088050314465,0.140125786163522,0.19446540880503146,Murder,Murder,True,,,,,,
CASE_00567,FULL_EVIDENCE,0.7250737463126844,0.24365781710914453,0.03126843657817109,Murder,Not_Guilty,False,,,,,,
CASE_00568,FULL_EVIDENCE,0.6915927334178286,0.2454583861427968,0.06294888043937474,Murder,Murder,True,,,,,,
CASE_00569,FULL_EVIDENCE,0.7603894974786993,0.15110415579899147,0.08850634672230914,Murder,Murder,True,,,,,,
CASE_00570,FULL_EVIDENCE,0.7813333333333334,0.20533333333333334,0.013333333333333334,Murder,Murder,True,,,,,,
CASE_00571,FULL_EVIDENCE,0.7605669450771956,0.13490255631485698,0.10453049860794734,Murder,Not_Guilty,False,,,,,,
CASE_00572,FULL_EVIDENCE,0.7603894974786993,0.15110415579899147,0.08850634672230914,Murder,Manslaughter,False,,,,,,
CASE_00573,FULL_EVIDENCE,0.7199800697558545,0.05032386646736422,0.22969606377678126,Murder,Murder,True,,,,,,
CASE_00574,FULL_EVIDENCE,0.7603894974786993,0.15110415579899147,0.08850634672230914,Murder,Manslaughter,False,,,,,,
CASE_00575,FULL_EVIDENCE,0.7603894974786993,0.15110415579899147,0.08850634672230914,Murder,Manslaughter,False,,,,,,
CASE_00576,FULL_EVIDENCE,0.7250737463126844,0.24365781710914453,0.03126843657817109,Murder,Manslaughter,False,,,,,,
CASE_00577,FULL_EVIDENCE,0.7199800697558545,0.05032386646736422,0.22969606377678126,Murder,Murder,True,,,,,,
CASE_00578,FULL_EVIDENCE,0.7603894974786993,0.15110415579899147,0.08850634672230914,Murder,Manslaughter,False,,,,,,
CASE_00579,FULL_EVIDENCE,0.7603894974786993,0.15110415579899147,0.08850634672230914,Murder,Manslaughter,False,,,,,,
CASE_00580,FULL_EVIDENCE,0.7199800697558545,0.05032386646736422,0.22969606377678126,Murder,Not_Guilty,False,,,,,,
CASE_00581,FULL_EVIDENCE,0.6654088050314465,0.140125786163522,0.19446540880503146,Murder,Murder,True,,,,,,
CASE_00582,FULL_EVIDENCE,0.6404040404040404,0.15555555555555556,0.20404040404040402,Murder,Murder,True,,,,,,
CASE_00583,FULL_EVIDENCE,0.7603894974786993,0.15110415579899147,0.08850634672230914,Murder,Murder,True,,,,,,
CASE_00585,FULL_EVIDENCE,0.7199800697558545,0.05032386646736422,0.22969606377678126,Murder,Not_Guilty,False,,,,,,
CASE_00586,FULL_EVIDENCE,0.6654088050314465,0.140125786163522,0.19446540880503146,Murder,Murder,True,,,,,,
CASE_00587,FULL_EVIDENCE,0.7199800697558545,0.05032386646736422,0.22969606377678126,Murder,Murder,True,,,,,,
CASE_00588,FULL_EVIDENCE,0.7605669450771956,0.13490255631485698,0.10453049860794734,Murder,Murder,True,,,,,,
CASE_00589,FULL_EVIDENCE,0.7605669450771956,0.13490255631485698,0.10453049860794734,Murder,Murder,True,,,,,,
CASE_00590,FULL_EVIDENCE,0.6654088050314465,0.140125786163522,0.19446540880503146,Murder,Murder,True,,,,,,
CASE_00591,FULL_EVIDENCE,0.7603894974786993,0.15110415579899147,0.08850634672230914,Murder,Murder,True,,,,,,
CASE_00592,FULL_EVIDENCE,0.7603894974786993,0.15110415579899147,0.08850634672230914,Murder,Not_Guilty,False,,,,,,
CASE_00593,FULL_EVIDENCE,0.7605669450771956,0.13490255631485698,0.10453049860794734,Murder,Murder,True,,,,,,
CASE_00594,FULL_EVIDENCE,0.7603894974786993,0.15110415579899147,0.08850634672230914,Murder,Manslaughter,False,,,,,,
CASE_00595,FULL_EVIDENCE,0.7603894974786993,0.15110415579899147,0.08850634672230914,Murder,Murder,True,,,,,,
CASE_00596,FULL_EVIDENCE,0.7603894974786993,0.15110415579899147,0.08850634672230914,Murder,Not_Guilty,False,,,,,,
CASE_00597,FULL_EVIDENCE,0.6654088050314465,0.140125786163522,0.19446540880503146,Murder,Murder,True,,,,,,
CASE_00598,FULL_EVIDENCE,0.7603894974786993,0.15110415579899147,0.08850634672230914,Murder,Murder,True,,,,,,
CASE_00599,FULL_EVIDENCE,0.7250737463126844,0.24365781710914453,0.03126843657817109,Murder,Murder,True,,,,,,
CASE_00600,FULL_EVIDENCE,0.6915927334178286,0.2454583861427968,0.06294888043937474,Murder,Murder,True,,,,,,
CASE_00601,FULL_EVIDENCE,0.7603894974786993,0.15110415579899147,0.08850634672230914,Murder,Manslaughter,False,,,,,,
CASE_00602,FULL_EVIDENCE,0.7250737463126844,0.24365781710914453,0.03126843657817109,Murder,Murder,True,,,,,,
CASE_00603,FULL_EVIDENCE,0.7603894974786993,0.15110415579899147,0.08850634672230914,Murder,Murder,True,,,,,,
CASE_00604,FULL_EVIDENCE,0.7603894974786993,0.15110415579899147,0.08850634672230914,Murder,Murder,True,,,,,,
CASE_00605,FULL_EVIDENCE,0.7199800697558545,0.05032386646736422,0.22969606377678126,Murder,Murder,True,,,,,,
CASE_00606,FULL_EVIDENCE,0.7199800697558545,0.05032386646736422,0.22969606377678126,Murder,Murder,True,,,,,,
CASE_00607,FULL_EVIDENCE,0.6915927334178286,0.2454583861427968,0.06294888043937474,Murder,Murder,True,,,,,,
CASE_00608,FULL_EVIDENCE,0.7199800697558545,0.05032386646736422,0.22969606377678126,Murder,Murder,True,,,,,,
CASE_00609,FULL_EVIDENCE,0.6654088050314465,0.140125786163522,0.19446540880503146,Murder,Murder,True,,,,,,
CASE_00610,FULL_EVIDENCE,0.7199800697558545,0.05032386646736422,0.22969606377678126,Murder,Murder,True,,,,,,
CASE_00611,FULL_EVIDENCE,0.7250737463126844,0.24365781710914453,0.03126843657817109,Murder,Murder,True,,,,,,
CASE_00612,FULL_EVIDENCE,0.7605669450771956,0.13490255631485698,0.10453049860794734,Murder,Murder,True,,,,,,
CASE_00613,FULL_EVIDENCE,0.6915927334178286,0.2454583861427968,0.06294888043937474,Murder,Manslaughter,False,,,,,,
CASE_00614,FULL_EVIDENCE,0.7605669450771956,0.13490255631485698,0.10453049860794734,Murder,Murder,True,,,,,,
CASE_00615,FULL_EVIDENCE,0.7603894974786993,0.15110415579899147,0.08850634672230914,Murder,Murder,True,,,,,,
CASE_00616,FULL_EVIDENCE,0.7250737463126844,0.24365781710914453,0.03126843657817109,Murder,Murder,True,,,,,,
CASE_00617,FULL_EVIDENCE,0.7605669450771956,0.13490255631485698,0.10453049860794734,Murder,Murder,True,,,,,,
CASE_00618,FULL_EVIDENCE,0.7605669450771956,0.13490255631485698,0.10453049860794734,Murder,Murder,True,,,,,,
CASE_00619,FULL_EVIDENCE,0.6654088050314465,0.140125786163522,0.19446540880503146,Murder,Murder,True,,,,,,
CASE_00620,FULL_EVIDENCE,0.7199800697558545,0.05032386646736422,0.22969606377678126,Murder,Murder,True,,,,,,
CASE_00621,FULL_EVIDENCE,0.6915927334178286,0.2454583861427968,0.06294888043937474,Murder,Murder,True,,,,,,
CASE_00622,FULL_EVIDENCE,0.7605669450771956,0.13490255631485698,0.10453049860794734,Murder,Murder,True,,,,,,
CASE_00623,FULL_EVIDENCE,0.7605669450771956,0.13490255631485698,0.10453049860794734,Murder,Murder,True,,,,,,
CASE_00624,FULL_EVIDENCE,0.7250737463126844,0.24365781710914453,0.03126843657817109,Murder,Murder,True,,,,,,
CASE_00625,FULL_EVIDENCE,0.7199800697558545,0.05032386646736422,0.22969606377678126,Murder,Murder,True,,,,,,
CASE_00626,FULL_EVIDENCE,0.7603894974786993,0.15110415579899147,0.08850634672230914,Murder,Manslaughter,False,,,,,,
CASE_00627,FULL_EVIDENCE,0.7250737463126844,0.24365781710914453,0.03126843657817109,Murder,Murder,True,,,,,,
CASE_00628,FULL_EVIDENCE,0.7603894974786993,0.15110415579899147,0.08850634672230914,Murder,Murder,True,,,,,,
CASE_00629,FULL_EVIDENCE,0.7250737463126844,0.24365781710914453,0.03126843657817109,Murder,Murder,True,,,,,,
CASE_00630,FULL_EVIDENCE,0.7813333333333334,0.20533333333333334,0.013333333333333334,Murder,Murder,True,,,,,,
CASE_00631,FULL_EVIDENCE,0.6404040404040404,0.15555555555555556,0.20404040404040402,Murder,Murder,True,,,,,,
CASE_00632,FULL_EVIDENCE,0.7605669450771956,0.13490255631485698,0.10453049860794734,Murder,Murder,True,,,,,,
CASE_00633,FULL_EVIDENCE,0.7250737463126844,0.24365781710914453,0.03126843657817109,Murder,Murder,True,,,,,,
CASE_00634,FULL_EVIDENCE,0.6915927334178286,0.2454583861427968,0.06294888043937474,Murder,Murder,True,,,,,,
CASE_00635,FULL_EVIDENCE,0.6654088050314465,0.140125786163522,0.19446540880503146,Murder,Not_Guilty,False,,,,,,
CASE_00636,FULL_EVIDENCE,0.6654088050314465,0.140125786163522,0.19446540880503146,Murder,Not_Guilty,False,,,,,,
CASE_00637,FULL_EVIDENCE,0.7605669450771956,0.13490255631485698,0.10453049860794734,Murder,Manslaughter,False,,,,,,
CASE_00638,FULL_EVIDENCE,0.7603894974786993,0.15110415579899147,0.08850634672230914,Murder,Murder,True,,,,,,
CASE_00639,FULL_EVIDENCE,0.7605669450771956,0.13490255631485698,0.10453049860794734,Murder,Murder,True,,,,,,
CASE_00640,FULL_EVIDENCE,0.7605669450771956,0.13490255631485698,0.10453049860794734,Murder,Manslaughter,False,,,,,,
CASE_00641,FULL_EVIDENCE,0.7605669450771956,0.13490255631485698,0.10453049860794734,Murder,Murder,True,,,,,,
CASE_00642,FULL_EVIDENCE,0.7199800697558545,0.05032386646736422,0.22969606377678126,Murder,Murder,True,,,,,,
CASE_00643,FULL_EVIDENCE,0.7603894974786993,0.15110415579899147,0.08850634672230914,Murder,Murder,True,,,,,,
CASE_00644,FULL_EVIDENCE,0.7603894974786993,0.15110415579899147,0.08850634672230914,Murder,Manslaughter,False,,,,,,
CASE_00645,FULL_EVIDENCE,0.7605669450771956,0.13490255631485698,0.10453049860794734,Murder,Manslaughter,False,,,,,,
CASE_00646,FULL_EVIDENCE,0.6915927334178286,0.2454583861427968,0.06294888043937474,Murder,Manslaughter,False,,,,,,
CASE_00647,FULL_EVIDENCE,0.7250737463126844,0.24365781710914453,0.03126843657817109,Murder,Manslaughter,False,,,,,,
CASE_00648,FULL_EVIDENCE,0.7250737463126844,0.24365781710914453,0.03126843657817109,Murder,Murder,True,,,,,,
CASE_00649,FULL_EVIDENCE,0.6654088050314465,0.140125786163522,0.19446540880503146,Murder,Murder,True,,,,,,
CASE_00650,FULL_EVIDENCE,0.7199800697558545,0.05032386646736422,0.22969606377678126,Murder,Murder,True,,,,,,
CASE_00651,FULL_EVIDENCE,0.7199800697558545,0.05032386646736422,0.22969606377678126,Murder,Murder,True,,,,,,
CASE_00652,FULL_EVIDENCE,0.6915927334178286,0.2454583861427968,0.06294888043937474,Murder,Manslaughter,False,,,,,,
CASE_00653,FULL_EVIDENCE,0.7813333333333334,0.20533333333333334,0.013333333333333334,Murder,Murder,True,,,,,,
CASE_00654,FULL_EVIDENCE,0.7603894974786993,0.15110415579899147,0.08850634672230914,Murder,Murder,True,,,,,,
CASE_00655,FULL_EVIDENCE,0.7250737463126844,0.24365781710914453,0.03126843657817109,Murder,Murder,True,,,,,,
CASE_00656,FULL_EVIDENCE,0.7603894974786993,0.15110415579899147,0.08850634672230914,Murder,Murder,True,,,,,,
CASE_00657,FULL_EVIDENCE,0.7603894974786993,0.15110415579899147,0.08850634672230914,Murder,Murder,True,,,,,,
CASE_00658,FULL_EVIDENCE,0.6915927334178286,0.2454583861427968,0.06294888043937474,Murder,Not_Guilty,False,,,,,,
CASE_00659,FULL_EVIDENCE,0.7605669450771956,0.13490255631485698,0.10453049860794734,Murder,Manslaughter,False,,,,,,
CASE_00660,FULL_EVIDENCE,0.6654088050314465,0.140125786163522,0.19446540880503146,Murder,Manslaughter,False,,,,,,
CASE_00661,FULL_EVIDENCE,0.7605669450771956,0.13490255631485698,0.10453049860794734,Murder,Murder,True,,,,,,
CASE_00662,FULL_EVIDENCE,0.7250737463126844,0.24365781710914453,0.03126843657817109,Murder,Murder,True,,,,,,
CASE_00663,FULL_EVIDENCE,0.7199800697558545,0.05032386646736422,0.22969606377678126,Murder,Murder,True,,,,,,
CASE_00664,FULL_EVIDENCE,0.7250737463126844,0.24365781710914453,0.03126843657817109,Murder,Murder,True,,,,,,
CASE_00665,FULL_EVIDENCE,0.6915927334178286,0.2454583861427968,0.06294888043937474,Murder,Manslaughter,False,,,,,,
CASE_00666,FULL_EVIDENCE,0.7603894974786993,0.15110415579899147,0.08850634672230914,Murder,Murder,True,,,,,,
CASE_00667,FULL_EVIDENCE,0.7603894974786993,0.15110415579899147,0.08850634672230914,Murder,Manslaughter,False,,,,,,
CASE_00668,FULL_EVIDENCE,0.7250737463126844,0.24365781710914453,0.03126843657817109,Murder,Murder,True,,,,,,
CASE_00669,FULL_EVIDENCE,0.7605669450771956,0.13490255631485698,0.10453049860794734,Murder,Murder,True,,,,,,
CASE_00670,FULL_EVIDENCE,0.6654088050314465,0.140125786163522,0.19446540880503146,Murder,Murder,True,,,,,,
CASE_00671,FULL_EVIDENCE,0.6915927334178286,0.2454583861427968,0.06294888043937474,Murder,Murder,True,,,,,,
CASE_00672,FULL_EVIDENCE,0.7199800697558545,0.05032386646736422,0.22969606377678126,Murder,Murder,True,,,,,,
CASE_00673,FULL_EVIDENCE,0.6915927334178286,0.2454583861427968,0.06294888043937474,Murder,Murder,True,,,,,,
CASE_00674,FULL_EVIDENCE,0.6915927334178286,0.2454583861427968,0.06294888043937474,Murder,Murder,True,,,,,,
CASE_00675,FULL_EVIDENCE,0.6915927334178286,0.2454583861427968,0.06294888043937474,Murder,Murder,True,,,,,,
CASE_00676,FULL_EVIDENCE,0.7603894974786993,0.15110415579899147,0.08850634672230914,Murder,Murder,True,,,,,,
CASE_00677,FULL_EVIDENCE,0.6654088050314465,0.140125786163522,0.19446540880503146,Murder,Murder,True,,,,,,
CASE_00678,FULL_EVIDENCE,0.7603894974786993,0.15110415579899147,0.08850634672230914,Murder,Murder,True,,,,,,
CASE_00679,FULL_EVIDENCE,0.7605669450771956,0.13490255631485698,0.10453049860794734,Murder,Manslaughter,False,,,,,,
CASE_00680,FULL_EVIDENCE,0.6915927334178286,0.2454583861427968,0.06294888043937474,Murder,Murder,True,,,,,,
CASE_00681,FULL_EVIDENCE,0.7603894974786993,0.15110415579899147,0.08850634672230914,Murder,Not_Guilty,False,,,,,,
CASE_00682,FULL_EVIDENCE,0.7603894974786993,0.15110415579899147,0.08850634672230914,Murder,Murder,True,,,,,,
CASE_00683,FULL_EVIDENCE,0.6654088050314465,0.140125786163522,0.19446540880503146,Murder,Murder,True,,,,,,
CASE_00684,FULL_EVIDENCE,0.7605669450771956,0.13490255631485698,0.10453049860794734,Murder,Murder,True,,,,,,
CASE_00685,FULL_EVIDENCE,0.6654088050314465,0.140125786163522,0.19446540880503146,Murder,Murder,True,,,,,,
CASE_00686,FULL_EVIDENCE,0.7813333333333334,0.20533333333333334,0.013333333333333334,Murder,Murder,True,,,,,,
CASE_00687,FULL_EVIDENCE,0.7603894974786993,0.15110415579899147,0.08850634672230914,Murder,Murder,True,,,,,,
CASE_00688,FULL_EVIDENCE,0.7605669450771956,0.13490255631485698,0.10453049860794734,Murder,Murder,True,,,,,,
CASE_00689,FULL_EVIDENCE,0.7605669450771956,0.13490255631485698,0.10453049860794734,Murder,Murder,True,,,,,,
CASE_00690,FULL_EVIDENCE,0.6404040404040404,0.15555555555555556,0.20404040404040402,Murder,Murder,True,,,,,,
CASE_00691,FULL_EVIDENCE,0.7605669450771956,0.13490255631485698,0.10453049860794734,Murder,Murder,True,,,,,,
CASE_00692,FULL_EVIDENCE,0.7199800697558545,0.05032386646736422,0.22969606377678126,Murder,Manslaughter,False,,,,,,
CASE_00693,FULL_EVIDENCE,0.7603894974786993,0.15110415579899147,0.08850634672230914,Murder,Not_Guilty,False,,,,,,
CASE_00694,FULL_EVIDENCE,0.7605669450771956,0.13490255631485698,0.10453049860794734,Murder,Murder,True,,,,,,
CASE_00695,FULL_EVIDENCE,0.7603894974786993,0.15110415579899147,0.08850634672230914,Murder,Manslaughter,False,,,,,,
CASE_00696,FULL_EVIDENCE,0.7605669450771956,0.13490255631485698,0.10453049860794734,Murder,Murder,True,,,,,,
CASE_00697,FULL_EVIDENCE,0.7603894974786993,0.15110415579899147,0.08850634672230914,Murder,Murder,True,,,,,,
CASE_00698,FULL_EVIDENCE,0.6654088050314465,0.140125786163522,0.19446540880503146,Murder,Murder,True,,,,,,
CASE_00699,FULL_EVIDENCE,0.7605669450771956,0.13490255631485698,0.10453049860794734,Murder,Murder,True,,,,,,
CASE_00700,FULL_EVIDENCE,0.7605669450771956,0.13490255631485698,0.10453049860794734,Murder,Murder,True,,,,,,
CASE_00701,FULL_EVIDENCE,0.7199800697558545,0.05032386646736422,0.22969606377678126,Murder,Murder,True,,,,,,
CASE_00702,FULL_EVIDENCE,0.7603894974786993,0.15110415579899147,0.08850634672230914,Murder,Murder,True,,,,,,
CASE_00703,FULL_EVIDENCE,0.7199800697558545,0.05032386646736422,0.22969606377678126,Murder,Murder,True,,,,,,
CASE_00704,FULL_EVIDENCE,0.7603894974786993,0.15110415579899147,0.08850634672230914,Murder,Murder,True,,,,,,
CASE_00705,FULL_EVIDENCE,0.7603894974786993,0.15110415579899147,0.08850634672230914,Murder,Murder,True,,,,,,
CASE_00706,FULL_EVIDENCE,0.7605669450771956,0.13490255631485698,0.10453049860794734,Murder,Murder,True,,,,,,
CASE_00707,FULL_EVIDENCE,0.7603894974786993,0.15110415579899147,0.08850634672230914,Murder,Murder,True,,,,,,
CASE_00708,FULL_EVIDENCE,0.7603894974786993,0.15110415579899147,0.08850634672230914,Murder,Murder,True,,,,,,
CASE_00709,FULL_EVIDENCE,0.6654088050314465,0.140125786163522,0.19446540880503146,Murder,Manslaughter,False,,,,,,
CASE_00710,FULL_EVIDENCE,0.7605669450771956,0.13490255631485698,0.10453049860794734,Murder,Murder,True,,,,,,
CASE_00711,FULL_EVIDENCE,0.6915927334178286,0.2454583861427968,0.06294888043937474,Murder,Murder,True,,,,,,
CASE_00712,FULL_EVIDENCE,0.7199800697558545,0.05032386646736422,0.22969606377678126,Murder,Murder,True,,,,,,
CASE_00713,FULL_EVIDENCE,0.7199800697558545,0.05032386646736422,0.22969606377678126,Murder,Murder,True,,,,,,
CASE_00714,FULL_EVIDENCE,0.7250737463126844,0.24365781710914453,0.03126843657817109,Murder,Murder,True,,,,,,
CASE_00715,FULL_EVIDENCE,0.7250737463126844,0.24365781710914453,0.03126843657817109,Murder,Murder,True,,,,,,
CASE_00716,FULL_EVIDENCE,0.7250737463126844,0.24365781710914453,0.03126843657817109,Murder,Murder,True,,,,,,
CASE_00717,FULL_EVIDENCE,0.7603894974786993,0.15110415579899147,0.08850634672230914,Murder,Murder,True,,,,,,
CASE_00718,FULL_EVIDENCE,0.7250737463126844,0.24365781710914453,0.03126843657817109,Murder,Manslaughter,False,,,,,,
CASE_00719,FULL_EVIDENCE,0.7605669450771956,0.13490255631485698,0.10453049860794734,Murder,Manslaughter,False,,,,,,
CASE_00720,FULL_EVIDENCE,0.7603894974786993,0.15110415579899147,0.08850634672230914,Murder,Not_Guilty,False,,,,,,
CASE_00721,FULL_EVIDENCE,0.7603894974786993,0.15110415579899147,0.08850634672230914,Murder,Not_Guilty,False,,,,,,
CASE_00722,FULL_EVIDENCE,0.7250737463126844,0.24365781710914453,0.03126843657817109,Murder,Murder,True,,,,,,
CASE_00723,FULL_EVIDENCE,0.7603894974786993,0.15110415579899147,0.08850634672230914,Murder,Murder,True,,,,,,
CASE_00724,FULL_EVIDENCE,0.7199800697558545,0.05032386646736422,0.22969606377678126,Murder,Not_Guilty,False,,,,,,
CASE_00725,FULL_EVIDENCE,0.7605669450771956,0.13490255631485698,0.10453049860794734,Murder,Murder,True,,,,,,
CASE_00726,FULL_EVIDENCE,0.7199800697558545,0.05032386646736422,0.22969606377678126,Murder,Murder,True,,,,,,
CASE_00727,FULL_EVIDENCE,0.6654088050314465,0.140125786163522,0.19446540880503146,Murder,Manslaughter,False,,,,,,
CASE_00728,FULL_EVIDENCE,0.7605669450771956,0.13490255631485698,0.10453049860794734,Murder,Manslaughter,False,,,,,,
CASE_00729,FULL_EVIDENCE,0.7199800697558545,0.05032386646736422,0.22969606377678126,Murder,Not_Guilty,False,,,,,,
CASE_00730,FULL_EVIDENCE,0.7250737463126844,0.24365781710914453,0.03126843657817109,Murder,Manslaughter,False,,,,,,
CASE_00731,FULL_EVIDENCE,0.7199800697558545,0.05032386646736422,0.22969606377678126,Murder,Not_Guilty,False,,,,,,
CASE_00732,FULL_EVIDENCE,0.7605669450771956,0.13490255631485698,0.10453049860794734,Murder,Murder,True,,,,,,
CASE_00733,FULL_EVIDENCE,0.7605669450771956,0.13490255631485698,0.10453049860794734,Murder,Murder,True,,,,,,
CASE_00734,FULL_EVIDENCE,0.6915927334178286,0.2454583861427968,0.06294888043937474,Murder,Murder,True,,,,,,
CASE_00735,FULL_EVIDENCE,0.7605669450771956,0.13490255631485698,0.10453049860794734,Murder,Murder,True,,,,,,
CASE_00737,FULL_EVIDENCE,0.6654088050314465,0.140125786163522,0.19446540880503146,Murder,Murder,True,,,,,,
CASE_00738,FULL_EVIDENCE,0.7250737463126844,0.24365781710914453,0.03126843657817109,Murder,Murder,True,,,,,,
CASE_00739,FULL_EVIDENCE,0.7199800697558545,0.05032386646736422,0.22969606377678126,Murder,Not_Guilty,False,,,,,,
CASE_00740,FULL_EVIDENCE,0.7250737463126844,0.24365781710914453,0.03126843657817109,Murder,Murder,True,,,,,,
CASE_00741,FULL_EVIDENCE,0.7605669450771956,0.13490255631485698,0.10453049860794734,Murder,Murder,True,,,,,,
CASE_00742,FULL_EVIDENCE,0.7250737463126844,0.24365781710914453,0.03126843657817109,Murder,Murder,True,,,,,,
CASE_00743,FULL_EVIDENCE,0.7605669450771956,0.13490255631485698,0.10453049860794734,Murder,Murder,True,,,,,,
CASE_00744,FULL_EVIDENCE,0.7605669450771956,0.13490255631485698,0.10453049860794734,Murder,Murder,True,,,,,,
CASE_00745,FULL_EVIDENCE,0.7603894974786993,0.15110415579899147,0.08850634672230914,Murder,Murder,True,,,,,,
CASE_00746,FULL_EVIDENCE,0.6915927334178286,0.2454583861427968,0.06294888043937474,Murder,Murder,True,,,,,,
CASE_00747,FULL_EVIDENCE,0.7603894974786993,0.15110415579899147,0.08850634672230914,Murder,Murder,True,,,,,,
CASE_00748,FULL_EVIDENCE,0.7603894974786993,0.15110415579899147,0.08850634672230914,Murder,Murder,True,,,,,,
CASE_00749,FULL_EVIDENCE,0.7603894974786993,0.15110415579899147,0.08850634672230914,Murder,Murder,True,,,,,,
CASE_00750,FULL_EVIDENCE,0.7199800697558545,0.05032386646736422,0.22969606377678126,Murder,Murder,True,,,,,,
CASE_00751,FULL_EVIDENCE,0.6654088050314465,0.140125786163522,0.19446540880503146,Murder,Murder,True,,,,,,
CASE_00752,FULL_EVIDENCE,0.7603894974786993,0.15110415579899147,0.08850634672230914,Murder,Murder,True,,,,,,
CASE_00753,FULL_EVIDENCE,0.6915927334178286,0.2454583861427968,0.06294888043937474,Murder,Not_Guilty,False,,,,,,
CASE_00754,FULL_EVIDENCE,0.7603894974786993,0.15110415579899147,0.08850634672230914,Murder,Manslaughter,False,,,,,,
CASE_00755,FULL_EVIDENCE,0.6404040404040404,0.15555555555555556,0.20404040404040402,Murder,Murder,True,,,,,,
CASE_00756,FULL_EVIDENCE,0.7199800697558545,0.05032386646736422,0.22969606377678126,Murder,Manslaughter,False,,,,,,
CASE_00757,FULL_EVIDENCE,0.7605669450771956,0.13490255631485698,0.10453049860794734,Murder,Murder,True,,,,,,
CASE_00758,FULL_EVIDENCE,0.7605669450771956,0.13490255631485698,0.10453049860794734,Murder,Manslaughter,False,,,,,,
CASE_00759,FULL_EVIDENCE,0.7603894974786993,0.15110415579899147,0.08850634672230914,Murder,Manslaughter,False,,,,,,
CASE_00760,FULL_EVIDENCE,0.7603894974786993,0.15110415579899147,0.08850634672230914,Murder,Murder,True,,,,,,
CASE_00761,FULL_EVIDENCE,0.6915927334178286,0.2454583861427968,0.06294888043937474,Murder,Manslaughter,False,,,,,,
CASE_00762,FULL_EVIDENCE,0.7605669450771956,0.13490255631485698,0.10453049860794734,Murder,Manslaughter,False,,,,,,
CASE_00763,FULL_EVIDENCE,0.7605669450771956,0.13490255631485698,0.10453049860794734,Murder,Murder,True,,,,,,
CASE_00764,FULL_EVIDENCE,0.6915927334178286,0.2454583861427968,0.06294888043937474,Murder,Murder,True,,,,,,
CASE_00765,FULL_EVIDENCE,0.6915927334178286,0.2454583861427968,0.06294888043937474,Murder,Manslaughter,False,,,,,,
CASE_00766,FULL_EVIDENCE,0.6654088050314465,0.140125786163522,0.19446540880503146,Murder,Manslaughter,False,,,,,,
CASE_00767,FULL_EVIDENCE,0.7250737463126844,0.24365781710914453,0.03126843657817109,Murder,Murder,True,,,,,,
CASE_00768,FULL_EVIDENCE,0.7199800697558545,0.05032386646736422,0.22969606377678126,Murder,Murder,True,,,,,,
CASE_00769,FULL_EVIDENCE,0.7605669450771956,0.13490255631485698,0.10453049860794734,Murder,Not_Guilty,False,,,,,,
CASE_00770,FULL_EVIDENCE,0.7603894974786993,0.15110415579899147,0.08850634672230914,Murder,Not_Guilty,False,,,,,,
CASE_00771,FULL_EVIDENCE,0.6654088050314465,0.140125786163522,0.19446540880503146,Murder,Murder,True,,,,,,
CASE_00772,FULL_EVIDENCE,0.6654088050314465,0.140125786163522,0.19446540880503146,Murder,Murder,True,,,,,,
CASE_00773,FULL_EVIDENCE,0.7603894974786993,0.15110415579899147,0.08850634672230914,Murder,Not_Guilty,False,,,,,,
CASE_00774,FULL_EVIDENCE,0.6915927334178286,0.2454583861427968,0.06294888043937474,Murder,Murder,True,,,,,,
CASE_00775,FULL_EVIDENCE,0.6654088050314465,0.140125786163522,0.19446540880503146,Murder,Murder,True,,,,,,
CASE_00776,FULL_EVIDENCE,0.6654088050314465,0.140125786163522,0.19446540880503146,Murder,Murder,True,,,,,,
CASE_00777,FULL_EVIDENCE,0.7199800697558545,0.05032386646736422,0.22969606377678126,Murder,Murder,True,,,,,,
CASE_00778,FULL_EVIDENCE,0.7603894974786993,0.15110415579899147,0.08850634672230914,Murder,Not_Guilty,False,,,,,,
CASE_00779,FULL_EVIDENCE,0.6404040404040404,0.15555555555555556,0.20404040404040402,Murder,Murder,True,,,,,,
CASE_00780,FULL_EVIDENCE,0.7603894974786993,0.15110415579899147,0.08850634672230914,Murder,Murder,True,,,,,,
CASE_00781,FULL_EVIDENCE,0.7603894974786993,0.15110415579899147,0.08850634672230914,Murder,Murder,True,,,,,,
CASE_00782,FULL_EVIDENCE,0.7250737463126844,0.24365781710914453,0.03126843657817109,Murder,Murder,True,,,,,,
CASE_00783,FULL_EVIDENCE,0.7603894974786993,0.15110415579899147,0.08850634672230914,Murder,Murder,True,,,,,,
CASE_00784,FULL_EVIDENCE,0.7605669450771956,0.13490255631485698,0.10453049860794734,Murder,Murder,True,,,,,,
CASE_00785,FULL_EVIDENCE,0.6915927334178286,0.2454583861427968,0.06294888043937474,Murder,Manslaughter,False,,,,,,
CASE_00786,FULL_EVIDENCE,0.6404040404040404,0.15555555555555556,0.20404040404040402,Murder,Murder,True,,,,,,
CASE_00787,FULL_EVIDENCE,0.7603894974786993,0.15110415579899147,0.08850634672230914,Murder,Not_Guilty,False,,,,,,
CASE_00788,FULL_EVIDENCE,0.7603894974786993,0.15110415579899147,0.08850634672230914,Murder,Murder,True,,,,,,
CASE_00789,FULL_EVIDENCE,0.6915927334178286,0.2454583861427968,0.06294888043937474,Murder,Murder,True,,,,,,
CASE_00790,FULL_EVIDENCE,0.7199800697558545,0.05032386646736422,0.22969606377678126,Murder,Not_Guilty,False,,,,,,
CASE_00791,FULL_EVIDENCE,0.7603894974786993,0.15110415579899147,0.08850634672230914,Murder,Murder,True,,,,,,
CASE_00792,FULL_EVIDENCE,0.7603894974786993,0.15110415579899147,0.08850634672230914,Murder,Not_Guilty,False,,,,,,
CASE_00793,FULL_EVIDENCE,0.7603894974786993,0.15110415579899147,0.08850634672230914,Murder,Murder,True,,,,,,
CASE_00794,FULL_EVIDENCE,0.7605669450771956,0.13490255631485698,0.10453049860794734,Murder,Manslaughter,False,,,,,,
CASE_00795,FULL_EVIDENCE,0.6915927334178286,0.2454583861427968,0.06294888043937474,Murder,Manslaughter,False,,,,,,
CASE_00796,FULL_EVIDENCE,0.6654088050314465,0.140125786163522,0.19446540880503146,Murder,Not_Guilty,False,,,,,,
CASE_00797,FULL_EVIDENCE,0.7250737463126844,0.24365781710914453,0.03126843657817109,Murder,Manslaughter,False,,,,,,
CASE_00798,FULL_EVIDENCE,0.7603894974786993,0.15110415579899147,0.08850634672230914,Murder,Murder,True,,,,,,
CASE_00799,FULL_EVIDENCE,0.7605669450771956,0.13490255631485698,0.10453049860794734,Murder,Not_Guilty,False,,,,,,
CASE_00800,FULL_EVIDENCE,0.7603894974786993,0.15110415579899147,0.08850634672230914,Murder,Murder,True,,,,,,
CASE_00801,FULL_EVIDENCE,0.7199800697558545,0.05032386646736422,0.22969606377678126,Murder,Manslaughter,False,,,,,,
CASE_00802,FULL_EVIDENCE,0.7603894974786993,0.15110415579899147,0.08850634672230914,Murder,Murder,True,,,,,,
CASE_00803,FULL_EVIDENCE,0.7603894974786993,0.15110415579899147,0.08850634672230914,Murder,Murder,True,,,,,,
CASE_00804,FULL_EVIDENCE,0.7605669450771956,0.13490255631485698,0.10453049860794734,Murder,Not_Guilty,False,,,,,,
CASE_00805,FULL_EVIDENCE,0.7199800697558545,0.05032386646736422,0.22969606377678126,Murder,Murder,True,,,,,,
CASE_00806,FULL_EVIDENCE,0.7603894974786993,0.15110415579899147,0.08850634672230914,Murder,Murder,True,,,,,,
CASE_00807,FULL_EVIDENCE,0.7605669450771956,0.13490255631485698,0.10453049860794734,Murder,Murder,True,,,,,,
CASE_00808,FULL_EVIDENCE,0.7603894974786993,0.15110415579899147,0.08850634672230914,Murder,Not_Guilty,False,,,,,,
CASE_00809,FULL_EVIDENCE,0.7605669450771956,0.13490255631485698,0.10453049860794734,Murder,Murder,True,,,,,,
CASE_00810,FULL_EVIDENCE,0.7603894974786993,0.15110415579899147,0.08850634672230914,Murder,Murder,True,,,,,,
CASE_00811,FULL_EVIDENCE,0.7605669450771956,0.13490255631485698,0.10453049860794734,Murder,Murder,True,,,,,,
CASE_00812,FULL_EVIDENCE,0.7199800697558545,0.05032386646736422,0.22969606377678126,Murder,Murder,True,,,,,,
CASE_00813,FULL_EVIDENCE,0.7605669450771956,0.13490255631485698,0.10453049860794734,Murder,Murder,True,,,,,,
CASE_00814,FULL_EVIDENCE,0.7250737463126844,0.24365781710914453,0.03126843657817109,Murder,Murder,True,,,,,,
CASE_00815,FULL_EVIDENCE,0.7603894974786993,0.15110415579899147,0.08850634672230914,Murder,Murder,True,,,,,,
CASE_00816,FULL_EVIDENCE,0.6915927334178286,0.2454583861427968,0.06294888043937474,Murder,Manslaughter,False,,,,,,
CASE_00817,FULL_EVIDENCE,0.7605669450771956,0.13490255631485698,0.10453049860794734,Murder,Murder,True,,,,,,
CASE_00818,FULL_EVIDENCE,0.7605669450771956,0.13490255631485698,0.10453049860794734,Murder,Murder,True,,,,,,
CASE_00819,FULL_EVIDENCE,0.6915927334178286,0.2454583861427968,0.06294888043937474,Murder,Manslaughter,False,,,,,,
CASE_00820,FULL_EVIDENCE,0.6915927334178286,0.2454583861427968,0.06294888043937474,Murder,Murder,True,,,,,,
CASE_00821,FULL_EVIDENCE,0.7605669450771956,0.13490255631485698,0.10453049860794734,Murder,Murder,True,,,,,,
CASE_00822,FULL_EVIDENCE,0.6915927334178286,0.2454583861427968,0.06294888043937474,Murder,Murder,True,,,,,,
CASE_00823,FULL_EVIDENCE,0.6654088050314465,0.140125786163522,0.19446540880503146,Murder,Not_Guilty,False,,,,,,
CASE_00824,FULL_EVIDENCE,0.6654088050314465,0.140125786163522,0.19446540880503146,Murder,Not_Guilty,False,,,,,,
CASE_00825,FULL_EVIDENCE,0.7605669450771956,0.13490255631485698,0.10453049860794734,Murder,Manslaughter,False,,,,,,
CASE_00826,FULL_EVIDENCE,0.7605669450771956,0.13490255631485698,0.10453049860794734,Murder,Murder,True,,,,,,
CASE_00827,FULL_EVIDENCE,0.7813333333333334,0.20533333333333334,0.013333333333333334,Murder,Murder,True,,,,,,
CASE_00828,FULL_EVIDENCE,0.6654088050314465,0.140125786163522,0.19446540880503146,Murder,Not_Guilty,False,,,,,,
CASE_00829,FULL_EVIDENCE,0.7605669450771956,0.13490255631485698,0.10453049860794734,Murder,Murder,True,,,,,,
CASE_00830,FULL_EVIDENCE,0.7605669450771956,0.13490255631485698,0.10453049860794734,Murder,Murder,True,,,,,,
CASE_00831,FULL_EVIDENCE,0.7605669450771956,0.13490255631485698,0.10453049860794734,Murder,Murder,True,,,,,,
CASE_00832,FULL_EVIDENCE,0.6915927334178286,0.2454583861427968,0.06294888043937474,Murder,Murder,True,,,,,,
CASE_00833,FULL_EVIDENCE,0.6915927334178286,0.2454583861427968,0.06294888043937474,Murder,Murder,True,,,,,,
CASE_00834,FULL_EVIDENCE,0.7250737463126844,0.24365781710914453,0.03126843657817109,Murder,Manslaughter,False,,,,,,
CASE_00835,FULL_EVIDENCE,0.7199800697558545,0.05032386646736422,0.22969606377678126,Murder,Not_Guilty,False,,,,,,
CASE_00836,FULL_EVIDENCE,0.6654088050314465,0.140125786163522,0.19446540880503146,Murder,Murder,True,,,,,,
CASE_00837,FULL_EVIDENCE,0.7603894974786993,0.15110415579899147,0.08850634672230914,Murder,Manslaughter,False,,,,,,
CASE_00838,FULL_EVIDENCE,0.7605669450771956,0.13490255631485698,0.10453049860794734,Murder,Manslaughter,False,,,,,,
CASE_00839,FULL_EVIDENCE,0.7605669450771956,0.13490255631485698,0.10453049860794734,Murder,Murder,True,,,,,,
CASE_00840,FULL_EVIDENCE,0.7605669450771956,0.13490255631485698,0.10453049860794734,Murder,Manslaughter,False,,,,,,
CASE_00841,FULL_EVIDENCE,0.6654088050314465,0.140125786163522,0.19446540880503146,Murder,Not_Guilty,False,,,,,,
CASE_00842,FULL_EVIDENCE,0.7603894974786993,0.15110415579899147,0.08850634672230914,Murder,Murder,True,,,,,,
CASE_00843,FULL_EVIDENCE,0.7199800697558545,0.05032386646736422,0.22969606377678126,Murder,Not_Guilty,False,,,,,,
CASE_00844,FULL_EVIDENCE,0.7199800697558545,0.05032386646736422,0.22969606377678126,Murder,Murder,True,,,,,,
CASE_00845,FULL_EVIDENCE,0.7603894974786993,0.15110415579899147,0.08850634672230914,Murder,Murder,True,,,,,,
CASE_00846,FULL_EVIDENCE,0.7603894974786993,0.15110415579899147,0.08850634672230914,Murder,Murder,True,,,,,,
CASE_00847,FULL_EVIDENCE,0.7603894974786993,0.15110415579899147,0.08850634672230914,Murder,Murder,True,,,,,,
CASE_00848,FULL_EVIDENCE,0.7603894974786993,0.15110415579899147,0.08850634672230914,Murder,Murder,True,,,,,,
CASE_00849,FULL_EVIDENCE,0.7199800697558545,0.05032386646736422,0.22969606377678126,Murder,Murder,True,,,,,,
CASE_00850,FULL_EVIDENCE,0.7250737463126844,0.24365781710914453,0.03126843657817109,Murder,Murder,True,,,,,,
CASE_00851,FULL_EVIDENCE,0.6654088050314465,0.140125786163522,0.19446540880503146,Murder,Murder,True,,,,,,
CASE_00852,FULL_EVIDENCE,0.6915927334178286,0.2454583861427968,0.06294888043937474,Murder,Murder,True,,,,,,
CASE_00853,FULL_EVIDENCE,0.7603894974786993,0.15110415579899147,0.08850634672230914,Murder,Murder,True,,,,,,
CASE_00854,FULL_EVIDENCE,0.7199800697558545,0.05032386646736422,0.22969606377678126,Murder,Murder,True,,,,,,
CASE_00855,FULL_EVIDENCE,0.7603894974786993,0.15110415579899147,0.08850634672230914,Murder,Murder,True,,,,,,
CASE_00856,FULL_EVIDENCE,0.7250737463126844,0.24365781710914453,0.03126843657817109,Murder,Manslaughter,False,,,,,,
CASE_00857,FULL_EVIDENCE,0.6654088050314465,0.140125786163522,0.19446540880503146,Murder,Murder,True,,,,,,
CASE_00858,FULL_EVIDENCE,0.6404040404040404,0.15555555555555556,0.20404040404040402,Murder,Manslaughter,False,,,,,,
CASE_00859,FULL_EVIDENCE,0.7813333333333334,0.20533333333333334,0.013333333333333334,Murder,Manslaughter,False,,,,,,
CASE_00860,FULL_EVIDENCE,0.7199800697558545,0.05032386646736422,0.22969606377678126,Murder,Manslaughter,False,,,,,,
CASE_00861,FULL_EVIDENCE,0.7250737463126844,0.24365781710914453,0.03126843657817109,Murder,Murder,True,,,,,,
CASE_00862,FULL_EVIDENCE,0.7605669450771956,0.13490255631485698,0.10453049860794734,Murder,Murder,True,,,,,,
CASE_00863,FULL_EVIDENCE,0.7605669450771956,0.13490255631485698,0.10453049860794734,Murder,Murder,True,,,,,,
CASE_00864,FULL_EVIDENCE,0.7250737463126844,0.24365781710914453,0.03126843657817109,Murder,Murder,True,,,,,,
CASE_00865,FULL_EVIDENCE,0.6915927334178286,0.2454583861427968,0.06294888043937474,Murder,Murder,True,,,,,,
CASE_00866,FULL_EVIDENCE,0.6654088050314465,0.140125786163522,0.19446540880503146,Murder,Not_Guilty,False,,,,,,
CASE_00867,FULL_EVIDENCE,0.7250737463126844,0.24365781710914453,0.03126843657817109,Murder,Murder,True,,,,,,
CASE_00868,FULL_EVIDENCE,0.6404040404040404,0.15555555555555556,0.20404040404040402,Murder,Manslaughter,False,,,,,,
CASE_00869,FULL_EVIDENCE,0.6654088050314465,0.140125786163522,0.19446540880503146,Murder,Not_Guilty,False,,,,,,
CASE_00870,FULL_EVIDENCE,0.7250737463126844,0.24365781710914453,0.03126843657817109,Murder,Murder,True,,,,,,
CASE_00871,FULL_EVIDENCE,0.6654088050314465,0.140125786163522,0.19446540880503146,Murder,Murder,True,,,,,,
CASE_00872,FULL_EVIDENCE,0.6404040404040404,0.15555555555555556,0.20404040404040402,Murder,Not_Guilty,False,,,,,,
CASE_00873,FULL_EVIDENCE,0.7603894974786993,0.15110415579899147,0.08850634672230914,Murder,Not_Guilty,False,,,,,,
CASE_00874,FULL_EVIDENCE,0.6915927334178286,0.2454583861427968,0.06294888043937474,Murder,Murder,True,,,,,,
CASE_00875,FULL_EVIDENCE,0.6654088050314465,0.140125786163522,0.19446540880503146,Murder,Murder,True,,,,,,
CASE_00876,FULL_EVIDENCE,0.6654088050314465,0.140125786163522,0.19446540880503146,Murder,Murder,True,,,,,,
CASE_00877,FULL_EVIDENCE,0.6915927334178286,0.2454583861427968,0.06294888043937474,Murder,Murder,True,,,,,,
CASE_00878,FULL_EVIDENCE,0.7603894974786993,0.15110415579899147,0.08850634672230914,Murder,Murder,True,,,,,,
CASE_00879,FULL_EVIDENCE,0.6915927334178286,0.2454583861427968,0.06294888043937474,Murder,Manslaughter,False,,,,,,
CASE_00880,FULL_EVIDENCE,0.6915927334178286,0.2454583861427968,0.06294888043937474,Murder,Murder,True,,,,,,
CASE_00881,FULL_EVIDENCE,0.6654088050314465,0.140125786163522,0.19446540880503146,Murder,Murder,True,,,,,,
CASE_00882,FULL_EVIDENCE,0.7603894974786993,0.15110415579899147,0.08850634672230914,Murder,Murder,True,,,,,,
CASE_00883,FULL_EVIDENCE,0.6654088050314465,0.140125786163522,0.19446540880503146,Murder,Not_Guilty,False,,,,,,
CASE_00884,FULL_EVIDENCE,0.7199800697558545,0.05032386646736422,0.22969606377678126,Murder,Murder,True,,,,,,
CASE_00885,FULL_EVIDENCE,0.7199800697558545,0.05032386646736422,0.22969606377678126,Murder,Murder,True,,,,,,
CASE_00886,FULL_EVIDENCE,0.7603894974786993,0.15110415579899147,0.08850634672230914,Murder,Murder,True,,,,,,
CASE_00887,FULL_EVIDENCE,0.7605669450771956,0.13490255631485698,0.10453049860794734,Murder,Murder,True,,,,,,
CASE_00888,FULL_EVIDENCE,0.6654088050314465,0.140125786163522,0.19446540880503146,Murder,Murder,True,,,,,,
CASE_00889,FULL_EVIDENCE,0.7250737463126844,0.24365781710914453,0.03126843657817109,Murder,Murder,True,,,,,,
CASE_00890,FULL_EVIDENCE,0.6654088050314465,0.140125786163522,0.19446540880503146,Murder,Murder,True,,,,,,
CASE_00891,FULL_EVIDENCE,0.7605669450771956,0.13490255631485698,0.10453049860794734,Murder,Murder,True,,,,,,
CASE_00892,FULL_EVIDENCE,0.6915927334178286,0.2454583861427968,0.06294888043937474,Murder,Murder,True,,,,,,
CASE_00893,FULL_EVIDENCE,0.7199800697558545,0.05032386646736422,0.22969606377678126,Murder,Not_Guilty,False,,,,,,
CASE_00894,FULL_EVIDENCE,0.7605669450771956,0.13490255631485698,0.10453049860794734,Murder,Murder,True,,,,,,
CASE_00895,FULL_EVIDENCE,0.6654088050314465,0.140125786163522,0.19446540880503146,Murder,Murder,True,,,,,,
CASE_00896,FULL_EVIDENCE,0.7199800697558545,0.05032386646736422,0.22969606377678126,Murder,Not_Guilty,False,,,,,,
CASE_00897,FULL_EVIDENCE,0.7605669450771956,0.13490255631485698,0.10453049860794734,Murder,Murder,True,,,,,,
CASE_00898,FULL_EVIDENCE,0.6654088050314465,0.140125786163522,0.19446540880503146,Murder,Murder,True,,,,,,
CASE_00899,FULL_EVIDENCE,0.7603894974786993,0.15110415579899147,0.08850634672230914,Murder,Not_Guilty,False,,,,,,
CASE_00900,FULL_EVIDENCE,0.7250737463126844,0.24365781710914453,0.03126843657817109,Murder,Murder,True,,,,,,
CASE_00901,FULL_EVIDENCE,0.7603894974786993,0.15110415579899147,0.08850634672230914,Murder,Murder,True,,,,,,
CASE_00902,FULL_EVIDENCE,0.7603894974786993,0.15110415579899147,0.08850634672230914,Murder,Manslaughter,False,,,,,,
CASE_00903,FULL_EVIDENCE,0.7605669450771956,0.13490255631485698,0.10453049860794734,Murder,Murder,True,,,,,,
CASE_00904,FULL_EVIDENCE,0.6915927334178286,0.2454583861427968,0.06294888043937474,Murder,Murder,True,,,,,,
CASE_00905,FULL_EVIDENCE,0.7605669450771956,0.13490255631485698,0.10453049860794734,Murder,Murder,True,,,,,,
CASE_00906,FULL_EVIDENCE,0.7199800697558545,0.05032386646736422,0.22969606377678126,Murder,Murder,True,,,,,,
CASE_00907,FULL_EVIDENCE,0.7605669450771956,0.13490255631485698,0.10453049860794734,Murder,Manslaughter,False,,,,,,
CASE_00908,FULL_EVIDENCE,0.7813333333333334,0.20533333333333334,0.013333333333333334,Murder,Manslaughter,False,,,,,,
CASE_00909,FULL_EVIDENCE,0.7199800697558545,0.05032386646736422,0.22969606377678126,Murder,Murder,True,,,,,,
CASE_00910,FULL_EVIDENCE,0.7605669450771956,0.13490255631485698,0.10453049860794734,Murder,Manslaughter,False,,,,,,
CASE_00911,FULL_EVIDENCE,0.6915927334178286,0.2454583861427968,0.06294888043937474,Murder,Manslaughter,False,,,,,,
CASE_00912,FULL_EVIDENCE,0.7199800697558545,0.05032386646736422,0.22969606377678126,Murder,Murder,True,,,,,,
CASE_00913,FULL_EVIDENCE,0.6404040404040404,0.15555555555555556,0.20404040404040402,Murder,Murder,True,,,,,,
CASE_00914,FULL_EVIDENCE,0.6654088050314465,0.140125786163522,0.19446540880503146,Murder,Murder,True,,,,,,
CASE_00915,FULL_EVIDENCE,0.7199800697558545,0.05032386646736422,0.22969606377678126,Murder,Murder,True,,,,,,
CASE_00916,FULL_EVIDENCE,0.6915927334178286,0.2454583861427968,0.06294888043937474,Murder,Murder,True,,,,,,
CASE_00917,FULL_EVIDENCE,0.7603894974786993,0.15110415579899147,0.08850634672230914,Murder,Not_Guilty,False,,,,,,
CASE_00918,FULL_EVIDENCE,0.7605669450771956,0.13490255631485698,0.10453049860794734,Murder,Murder,True,,,,,,
CASE_00919,FULL_EVIDENCE,0.7605669450771956,0.13490255631485698,0.10453049860794734,Murder,Murder,True,,,,,,
CASE_00920,FULL_EVIDENCE,0.7605669450771956,0.13490255631485698,0.10453049860794734,Murder,Murder,True,,,,,,
CASE_00921,FULL_EVIDENCE,0.6654088050314465,0.140125786163522,0.19446540880503146,Murder,Murder,True,,,,,,
CASE_00922,FULL_EVIDENCE,0.7603894974786993,0.15110415579899147,0.08850634672230914,Murder,Not_Guilty,False,,,,,,
CASE_00923,FULL_EVIDENCE,0.7605669450771956,0.13490255631485698,0.10453049860794734,Murder,Murder,True,,,,,,
CASE_00924,FULL_EVIDENCE,0.7603894974786993,0.15110415579899147,0.08850634672230914,Murder,Murder,True,,,,,,
CASE_00925,FULL_EVIDENCE,0.7603894974786993,0.15110415579899147,0.08850634672230914,Murder,Manslaughter,False,,,,,,
CASE_00926,FULL_EVIDENCE,0.7605669450771956,0.13490255631485698,0.10453049860794734,Murder,Murder,True,,,,,,
CASE_00927,FULL_EVIDENCE,0.7603894974786993,0.15110415579899147,0.08850634672230914,Murder,Not_Guilty,False,,,,,,
CASE_00928,FULL_EVIDENCE,0.7250737463126844,0.24365781710914453,0.03126843657817109,Murder,Murder,True,,,,,,
CASE_00929,FULL_EVIDENCE,0.7605669450771956,0.13490255631485698,0.10453049860794734,Murder,Not_Guilty,False,,,,,,
CASE_00930,FULL_EVIDENCE,0.7603894974786993,0.15110415579899147,0.08850634672230914,Murder,Murder,True,,,,,,
CASE_00931,FULL_EVIDENCE,0.7199800697558545,0.05032386646736422,0.22969606377678126,Murder,Murder,True,,,,,,
CASE_00932,FULL_EVIDENCE,0.6654088050314465,0.140125786163522,0.19446540880503146,Murder,Murder,True,,,,,,
CASE_00933,FULL_EVIDENCE,0.6654088050314465,0.140125786163522,0.19446540880503146,Murder,Manslaughter,False,,,,,,
CASE_00934,FULL_EVIDENCE,0.6915927334178286,0.2454583861427968,0.06294888043937474,Murder,Not_Guilty,False,,,,,,
CASE_00935,FULL_EVIDENCE,0.7603894974786993,0.15110415579899147,0.08850634672230914,Murder,Murder,True,,,,,,
CASE_00936,FULL_EVIDENCE,0.6654088050314465,0.140125786163522,0.19446540880503146,Murder,Murder,True,,,,,,
CASE_00937,FULL_EVIDENCE,0.7605669450771956,0.13490255631485698,0.10453049860794734,Murder,Murder,True,,,,,,
CASE_00938,FULL_EVIDENCE,0.6654088050314465,0.140125786163522,0.19446540880503146,Murder,Murder,True,,,,,,
CASE_00939,FULL_EVIDENCE,0.6915927334178286,0.2454583861427968,0.06294888043937474,Murder,Murder,True,,,,,,
CASE_00941,FULL_EVIDENCE,0.6654088050314465,0.140125786163522,0.19446540880503146,Murder,Not_Guilty,False,,,,,,
CASE_00942,FULL_EVIDENCE,0.6654088050314465,0.140125786163522,0.19446540880503146,Murder,Murder,True,,,,,,
CASE_00943,FULL_EVIDENCE,0.7603894974786993,0.15110415579899147,0.08850634672230914,Murder,Murder,True,,,,,,
CASE_00944,FULL_EVIDENCE,0.6654088050314465,0.140125786163522,0.19446540880503146,Murder,Murder,True,,,,,,
CASE_00945,FULL_EVIDENCE,0.6654088050314465,0.140125786163522,0.19446540880503146,Murder,Murder,True,,,,,,
CASE_00946,FULL_EVIDENCE,0.7813333333333334,0.20533333333333334,0.013333333333333334,Murder,Manslaughter,False,,,,,,
CASE_00947,FULL_EVIDENCE,0.7603894974786993,0.15110415579899147,0.08850634672230914,Murder,Murder,True,,,,,,
CASE_00948,FULL_EVIDENCE,0.6654088050314465,0.140125786163522,0.19446540880503146,Murder,Manslaughter,False,,,,,,
CASE_00949,FULL_EVIDENCE,0.6654088050314465,0.140125786163522,0.19446540880503146,Murder,Not_Guilty,False,,,,,,
CASE_00950,FULL_EVIDENCE,0.7250737463126844,0.24365781710914453,0.03126843657817109,Murder,Murder,True,,,,,,
CASE_00951,FULL_EVIDENCE,0.6654088050314465,0.140125786163522,0.19446540880503146,Murder,Murder,True,,,,,,
CASE_00952,FULL_EVIDENCE,0.6654088050314465,0.140125786163522,0.19446540880503146,Murder,Manslaughter,False,,,,,,
CASE_00953,FULL_EVIDENCE,0.6654088050314465,0.140125786163522,0.19446540880503146,Murder,Manslaughter,False,,,,,,
CASE_00954,FULL_EVIDENCE,0.7605669450771956,0.13490255631485698,0.10453049860794734,Murder,Not_Guilty,False,,,,,,
CASE_00955,FULL_EVIDENCE,0.7605669450771956,0.13490255631485698,0.10453049860794734,Murder,Manslaughter,False,,,,,,
CASE_00956,FULL_EVIDENCE,0.7603894974786993,0.15110415579899147,0.08850634672230914,Murder,Murder,True,,,,,,
CASE_00957,FULL_EVIDENCE,0.7250737463126844,0.24365781710914453,0.03126843657817109,Murder,Murder,True,,,,,,
CASE_00958,FULL_EVIDENCE,0.6915927334178286,0.2454583861427968,0.06294888043937474,Murder,Not_Guilty,False,,,,,,
CASE_00959,FULL_EVIDENCE,0.7199800697558545,0.05032386646736422,0.22969606377678126,Murder,Murder,True,,,,,,
CASE_00960,FULL_EVIDENCE,0.7199800697558545,0.05032386646736422,0.22969606377678126,Murder,Not_Guilty,False,,,,,,
CASE_00961,FULL_EVIDENCE,0.7605669450771956,0.13490255631485698,0.10453049860794734,Murder,Not_Guilty,False,,,,,,
CASE_00962,FULL_EVIDENCE,0.7603894974786993,0.15110415579899147,0.08850634672230914,Murder,Murder,True,,,,,,
CASE_00963,FULL_EVIDENCE,0.6654088050314465,0.140125786163522,0.19446540880503146,Murder,Murder,True,,,,,,
CASE_00964,FULL_EVIDENCE,0.7605669450771956,0.13490255631485698,0.10453049860794734,Murder,Murder,True,,,,,,
CASE_00965,FULL_EVIDENCE,0.7199800697558545,0.05032386646736422,0.22969606377678126,Murder,Murder,True,,,,,,
CASE_00966,FULL_EVIDENCE,0.7605669450771956,0.13490255631485698,0.10453049860794734,Murder,Manslaughter,False,,,,,,
CASE_00967,FULL_EVIDENCE,0.7199800697558545,0.05032386646736422,0.22969606377678126,Murder,Murder,True,,,,,,
CASE_00968,FULL_EVIDENCE,0.6915927334178286,0.2454583861427968,0.06294888043937474,Murder,Murder,True,,,,,,
CASE_00969,FULL_EVIDENCE,0.7603894974786993,0.15110415579899147,0.08850634672230914,Murder,Murder,True,,,,,,
CASE_00970,FULL_EVIDENCE,0.7603894974786993,0.15110415579899147,0.08850634672230914,Murder,Murder,True,,,,,,
CASE_00971,FULL_EVIDENCE,0.6915927334178286,0.2454583861427968,0.06294888043937474,Murder,Murder,True,,,,,,
CASE_00972,FULL_EVIDENCE,0.7250737463126844,0.24365781710914453,0.03126843657817109,Murder,Murder,True,,,,,,
CASE_00973,FULL_EVIDENCE,0.7250737463126844,0.24365781710914453,0.03126843657817109,Murder,Murder,True,,,,,,
CASE_00974,FULL_EVIDENCE,0.7199800697558545,0.05032386646736422,0.22969606377678126,Murder,Murder,True,,,,,,
CASE_00975,FULL_EVIDENCE,0.7199800697558545,0.05032386646736422,0.22969606377678126,Murder,Murder,True,,,,,,
CASE_00976,FULL_EVIDENCE,0.7199800697558545,0.05032386646736422,0.22969606377678126,Murder,Not_Guilty,False,,,,,,
CASE_00977,FULL_EVIDENCE,0.7605669450771956,0.13490255631485698,0.10453049860794734,Murder,Murder,True,,,,,,
CASE_00978,FULL_EVIDENCE,0.7250737463126844,0.24365781710914453,0.03126843657817109,Murder,Manslaughter,False,,,,,,
CASE_00979,FULL_EVIDENCE,0.7603894974786993,0.15110415579899147,0.08850634672230914,Murder,Murder,True,,,,,,
CASE_00980,FULL_EVIDENCE,0.7250737463126844,0.24365781710914453,0.03126843657817109,Murder,Manslaughter,False,,,,,,
CASE_00981,FULL_EVIDENCE,0.7603894974786993,0.15110415579899147,0.08850634672230914,Murder,Manslaughter,False,,,,,,
CASE_00982,FULL_EVIDENCE,0.7813333333333334,0.20533333333333334,0.013333333333333334,Murder,Murder,True,,,,,,
CASE_00983,FULL_EVIDENCE,0.6654088050314465,0.140125786163522,0.19446540880503146,Murder,Not_Guilty,False,,,,,,
CASE_00984,FULL_EVIDENCE,0.7605669450771956,0.13490255631485698,0.10453049860794734,Murder,Murder,True,,,,,,
CASE_00985,FULL_EVIDENCE,0.6915927334178286,0.2454583861427968,0.06294888043937474,Murder,Murder,True,,,,,,
CASE_00986,FULL_EVIDENCE,0.7605669450771956,0.13490255631485698,0.10453049860794734,Murder,Murder,True,,,,,,
CASE_00987,FULL_EVIDENCE,0.7199800697558545,0.05032386646736422,0.22969606377678126,Murder,Murder,True,,,,,,
CASE_00988,FULL_EVIDENCE,0.7605669450771956,0.13490255631485698,0.10453049860794734,Murder,Murder,True,,,,,,
CASE_00989,FULL_EVIDENCE,0.6654088050314465,0.140125786163522,0.19446540880503146,Murder,Murder,True,,,,,,
CASE_00990,FULL_EVIDENCE,0.7605669450771956,0.13490255631485698,0.10453049860794734,Murder,Murder,True,,,,,,
CASE_00991,FULL_EVIDENCE,0.6915927334178286,0.2454583861427968,0.06294888043937474,Murder,Murder,True,,,,,,
CASE_00992,FULL_EVIDENCE,0.7199800697558545,0.05032386646736422,0.22969606377678126,Murder,Not_Guilty,False,,,,,,
CASE_00993,FULL_EVIDENCE,0.6915927334178286,0.2454583861427968,0.06294888043937474,Murder,Manslaughter,False,,,,,,
CASE_00994,FULL_EVIDENCE,0.7199800697558545,0.05032386646736422,0.22969606377678126,Murder,Manslaughter,False,,,,,,
NEG_00000,FULL_EVIDENCE,0.6654088050314465,0.140125786163522,0.19446540880503146,Murder,Murder,True,,,,,,
NEG_00001,FULL_EVIDENCE,0.7605669450771956,0.13490255631485698,0.10453049860794734,Murder,Murder,True,,,,,,
NEG_00002,FULL_EVIDENCE,0.6654088050314465,0.140125786163522,0.19446540880503146,Murder,Murder,True,,,,,,
NEG_00003,FULL_EVIDENCE,0.6654088050314465,0.140125786163522,0.19446540880503146,Murder,Murder,True,,,,,,
NEG_00004,FULL_EVIDENCE,0.6654088050314465,0.140125786163522,0.19446540880503146,Murder,Murder,True,,,,,,
NEG_00005,FULL_EVIDENCE,0.6654088050314465,0.140125786163522,0.19446540880503146,Murder,Murder,True,,,,,,
NEG_00006,FULL_EVIDENCE,0.6654088050314465,0.140125786163522,0.19446540880503146,Murder,Murder,True,,,,,,
NEG_00007,FULL_EVIDENCE,0.6654088050314465,0.140125786163522,0.19446540880503146,Murder,Not_Guilty,False,,,,,,
NEG_00008,FULL_EVIDENCE,0.6654088050314465,0.140125786163522,0.19446540880503146,Murder,Not_Guilty,False,,,,,,
NEG_00009,FULL_EVIDENCE,0.6654088050314465,0.140125786163522,0.19446540880503146,Murder,Not_Guilty,False,,,,,,
NEG_00010,FULL_EVIDENCE,0.6654088050314465,0.140125786163522,0.19446540880503146,Murder,Not_Guilty,False,,,,,,
NEG_00011,FULL_EVIDENCE,0.6654088050314465,0.140125786163522,0.19446540880503146,Murder,Not_Guilty,False,,,,,,
NEG_00012,FULL_EVIDENCE,0.7605669450771956,0.13490255631485698,0.10453049860794734,Murder,Manslaughter,False,,,,,,
NEG_00013,FULL_EVIDENCE,0.6654088050314465,0.140125786163522,0.19446540880503146,Murder,Murder,True,,,,,,
NEG_00014,FULL_EVIDENCE,0.6654088050314465,0.140125786163522,0.19446540880503146,Murder,Murder,True,,,,,,
NEG_00015,FULL_EVIDENCE,0.6654088050314465,0.140125786163522,0.19446540880503146,Murder,Murder,True,,,,,,
NEG_00016,FULL_EVIDENCE,0.6654088050314465,0.140125786163522,0.19446540880503146,Murder,Murder,True,,,,,,
NEG_00017,FULL_EVIDENCE,0.6654088050314465,0.140125786163522,0.19446540880503146,Murder,Murder,True,,,,,,
NEG_00018,FULL_EVIDENCE,0.7605669450771956,0.13490255631485698,0.10453049860794734,Murder,Murder,True,,,,,,
NEG_00019,FULL_EVIDENCE,0.6654088050314465,0.140125786163522,0.19446540880503146,Murder,Manslaughter,False,,,,,,
NEG_00020,FULL_EVIDENCE,0.6654088050314465,0.140125786163522,0.19446540880503146,Murder,Murder,True,,,,,,
NEG_00021,FULL_EVIDENCE,0.6654088050314465,0.140125786163522,0.19446540880503146,Murder,Murder,True,,,,,,
NEG_00022,FULL_EVIDENCE,0.6654088050314465,0.140125786163522,0.19446540880503146,Murder,Murder,True,,,,,,
NEG_00023,FULL_EVIDENCE,0.6654088050314465,0.140125786163522,0.19446540880503146,Murder,Murder,True,,,,,,
NEG_00024,FULL_EVIDENCE,0.6654088050314465,0.140125786163522,0.19446540880503146,Murder,Murder,True,,,,,,
NEG_00025,FULL_EVIDENCE,0.6654088050314465,0.140125786163522,0.19446540880503146,Murder,Murder,True,,,,,,
NEG_00026,FULL_EVIDENCE,0.6654088050314465,0.140125786163522,0.19446540880503146,Murder,Manslaughter,False,,,,,,
NEG_00027,FULL_EVIDENCE,0.6654088050314465,0.140125786163522,0.19446540880503146,Murder,Manslaughter,False,,,,,,
NEG_00028,FULL_EVIDENCE,0.6654088050314465,0.140125786163522,0.19446540880503146,Murder,Manslaughter,False,,,,,,
NEG_00029,FULL_EVIDENCE,0.6654088050314465,0.140125786163522,0.19446540880503146,Murder,Murder,True,,,,,,
NEG_00030,FULL_EVIDENCE,0.6654088050314465,0.140125786163522,0.19446540880503146,Murder,Murder,True,,,,,,
NEG_00031,FULL_EVIDENCE,0.6654088050314465,0.140125786163522,0.19446540880503146,Murder,Murder,True,,,,,,
NEG_00032,FULL_EVIDENCE,0.6654088050314465,0.140125786163522,0.19446540880503146,Murder,Manslaughter,False,,,,,,
NEG_00033,FULL_EVIDENCE,0.6654088050314465,0.140125786163522,0.19446540880503146,Murder,Murder,True,,,,,,
NEG_00034,FULL_EVIDENCE,0.7250737463126844,0.24365781710914453,0.03126843657817109,Murder,Manslaughter,False,,,,,,
NEG_00035,FULL_EVIDENCE,0.6654088050314465,0.140125786163522,0.19446540880503146,Murder,Murder,True,,,,,,
NEG_00036,FULL_EVIDENCE,0.6654088050314465,0.140125786163522,0.19446540880503146,Murder,Murder,True,,,,,,
NEG_00037,FULL_EVIDENCE,0.6654088050314465,0.140125786163522,0.19446540880503146,Murder,Murder,True,,,,,,
NEG_00038,FULL_EVIDENCE,0.6654088050314465,0.140125786163522,0.19446540880503146,Murder,Not_Guilty,False,,,,,,
NEG_00039,FULL_EVIDENCE,0.7605669450771956,0.13490255631485698,0.10453049860794734,Murder,Murder,True,,,,,,
NEG_00040,FULL_EVIDENCE,0.6654088050314465,0.140125786163522,0.19446540880503146,Murder,Murder,True,,,,,,
NEG_00041,FULL_EVIDENCE,0.6654088050314465,0.140125786163522,0.19446540880503146,Murder,Murder,True,,,,,,
NEG_00042,FULL_EVIDENCE,0.6654088050314465,0.140125786163522,0.19446540880503146,Murder,Murder,True,,,,,,
NEG_00043,FULL_EVIDENCE,0.7605669450771956,0.13490255631485698,0.10453049860794734,Murder,Murder,True,,,,,,
NEG_00044,FULL_EVIDENCE,0.6654088050314465,0.140125786163522,0.19446540880503146,Murder,Murder,True,,,,,,
NEG_00045,FULL_EVIDENCE,0.7605669450771956,0.13490255631485698,0.10453049860794734,Murder,Murder,True,,,,,,
NEG_00046,FULL_EVIDENCE,0.6654088050314465,0.140125786163522,0.19446540880503146,Murder,Murder,True,,,,,,
NEG_00047,FULL_EVIDENCE,0.6654088050314465,0.140125786163522,0.19446540880503146,Murder,Murder,True,,,,,,
NEG_00048,FULL_EVIDENCE,0.6654088050314465,0.140125786163522,0.19446540880503146,Murder,Murder,True,,,,,,
NEG_00049,FULL_EVIDENCE,0.6654088050314465,0.140125786163522,0.19446540880503146,Murder,Murder,True,,,,,,
NEG_00050,FULL_EVIDENCE,0.6654088050314465,0.140125786163522,0.19446540880503146,Murder,Murder,True,,,,,,
NEG_00051,FULL_EVIDENCE,0.6654088050314465,0.140125786163522,0.19446540880503146,Murder,Murder,True,,,,,,
NEG_00052,FULL_EVIDENCE,0.6654088050314465,0.140125786163522,0.19446540880503146,Murder,Murder,True,,,,,,
NEG_00053,FULL_EVIDENCE,0.6654088050314465,0.140125786163522,0.19446540880503146,Murder,Murder,True,,,,,,
NEG_00054,FULL_EVIDENCE,0.6654088050314465,0.140125786163522,0.19446540880503146,Murder,Murder,True,,,,,,
NEG_00055,FULL_EVIDENCE,0.6654088050314465,0.140125786163522,0.19446540880503146,Murder,Murder,True,,,,,,
NEG_00056,FULL_EVIDENCE,0.6654088050314465,0.140125786163522,0.19446540880503146,Murder,Murder,True,,,,,,
NEG_00057,FULL_EVIDENCE,0.6654088050314465,0.140125786163522,0.19446540880503146,Murder,Murder,True,,,,,,
NEG_00058,FULL_EVIDENCE,0.6404040404040404,0.15555555555555556,0.20404040404040402,Murder,Murder,True,,,,,,
NEG_00059,FULL_EVIDENCE,0.6654088050314465,0.140125786163522,0.19446540880503146,Murder,Murder,True,,,,,,
NEG_00060,FULL_EVIDENCE,0.6654088050314465,0.140125786163522,0.19446540880503146,Murder,Manslaughter,False,,,,,,
NEG_00061,FULL_EVIDENCE,0.6654088050314465,0.140125786163522,0.19446540880503146,Murder,Murder,True,,,,,,
NEG_00062,FULL_EVIDENCE,0.6654088050314465,0.140125786163522,0.19446540880503146,Murder,Murder,True,,,,,,
NEG_00063,FULL_EVIDENCE,0.6654088050314465,0.140125786163522,0.19446540880503146,Murder,Murder,True,,,,,,
NEG_00064,FULL_EVIDENCE,0.6654088050314465,0.140125786163522,0.19446540880503146,Murder,Murder,True,,,,,,
NEG_00065,FULL_EVIDENCE,0.6654088050314465,0.140125786163522,0.19446540880503146,Murder,Murder,True,,,,,,
NEG_00066,FULL_EVIDENCE,0.6654088050314465,0.140125786163522,0.19446540880503146,Murder,Murder,True,,,,,,
NEG_00067,FULL_EVIDENCE,0.6654088050314465,0.140125786163522,0.19446540880503146,Murder,Manslaughter,False,,,,,,
NEG_00068,FULL_EVIDENCE,0.6654088050314465,0.140125786163522,0.19446540880503146,Murder,Murder,True,,,,,,
NEG_00069,FULL_EVIDENCE,0.7605669450771956,0.13490255631485698,0.10453049860794734,Murder,Manslaughter,False,,,,,,
NEG_00070,FULL_EVIDENCE,0.6654088050314465,0.140125786163522,0.19446540880503146,Murder,Murder,True,,,,,,
NEG_00071,FULL_EVIDENCE,0.6654088050314465,0.140125786163522,0.19446540880503146,Murder,Manslaughter,False,,,,,,
NEG_00072,FULL_EVIDENCE,0.6654088050314465,0.140125786163522,0.19446540880503146,Murder,Murder,True,,,,,,
NEG_00073,FULL_EVIDENCE,0.6654088050314465,0.140125786163522,0.19446540880503146,Murder,Murder,True,,,,,,
NEG_00074,FULL_EVIDENCE,0.6654088050314465,0.140125786163522,0.19446540880503146,Murder,Murder,True,,,,,,
NEG_00075,FULL_EVIDENCE,0.6654088050314465,0.140125786163522,0.19446540880503146,Murder,Murder,True,,,,,,
NEG_00076,FULL_EVIDENCE,0.6654088050314465,0.140125786163522,0.19446540880503146,Murder,Not_Guilty,False,,,,,,
NEG_00077,FULL_EVIDENCE,0.6654088050314465,0.140125786163522,0.19446540880503146,Murder,Murder,True,,,,,,
NEG_00078,FULL_EVIDENCE,0.6654088050314465,0.140125786163522,0.19446540880503146,Murder,Murder,True,,,,,,
NEG_00079,FULL_EVIDENCE,0.6654088050314465,0.140125786163522,0.19446540880503146,Murder,Murder,True,,,,,,
NEG_00080,FULL_EVIDENCE,0.6654088050314465,0.140125786163522,0.19446540880503146,Murder,Murder,True,,,,,,
NEG_00094,FULL_EVIDENCE,0.6654088050314465,0.140125786163522,0.19446540880503146,Murder,Murder,True,,,,,,
NEG_00095,FULL_EVIDENCE,0.7605669450771956,0.13490255631485698,0.10453049860794734,Murder,Murder,True,,,,,,
NEG_00096,FULL_EVIDENCE,0.7250737463126844,0.24365781710914453,0.03126843657817109,Murder,Manslaughter,False,,,,,,
NEG_00097,FULL_EVIDENCE,0.6654088050314465,0.140125786163522,0.19446540880503146,Murder,Manslaughter,False,,,,,,
NEG_00098,FULL_EVIDENCE,0.6654088050314465,0.140125786163522,0.19446540880503146,Murder,Manslaughter,False,,,,,,
NEG_00099,FULL_EVIDENCE,0.6654088050314465,0.140125786163522,0.19446540880503146,Murder,Murder,True,,,,,,
NEG_00101,FULL_EVIDENCE,0.6654088050314465,0.140125786163522,0.19446540880503146,Murder,Not_Guilty,False,,,,,,
CASE_00720,PARTIAL_EVIDENCE_NO_CAUSATION,0.736325287950268,0.0910885075832863,0.17258620446644582,Murder,Not_Guilty,False,-0.024064209528431357,-0.06001564821570518,0.08407985774413668,,,
CASE_00221,PARTIAL_EVIDENCE_NO_CAUSATION,0.7320896655766604,0.13646567404944554,0.13144466037389402,Murder,Manslaughter,False,-0.028477279500535135,0.0015631177345885594,0.026914161765946673,,,
CASE_00895,PARTIAL_EVIDENCE_NO_CAUSATION,0.7285100703923916,0.13666215801186454,0.13482777159574388,Murder,Murder,True,0.06310126536094507,-0.0034636281516574607,-0.05963763720928758,,,
CASE_00088,PARTIAL_EVIDENCE_NO_CAUSATION,0.7482964640591003,0.12094437686613535,0.13075915907476432,Murder,Murder,True,-0.012093033419598997,-0.030159778932856124,0.04225281235245518,,,
CASE_00798,PARTIAL_EVIDENCE_NO_CAUSATION,0.7482964640591003,0.12094437686613535,0.13075915907476432,Murder,Murder,True,-0.012093033419598997,-0.030159778932856124,0.04225281235245518,,,
CASE_00140,PARTIAL_EVIDENCE_NO_CAUSATION,0.7482964640591003,0.12094437686613535,0.13075915907476432,Murder,Murder,True,-0.012093033419598997,-0.030159778932856124,0.04225281235245518,,,
CASE_00086,PARTIAL_EVIDENCE_NO_CAUSATION,0.7482964640591003,0.12094437686613535,0.13075915907476432,Murder,Murder,True,-0.012093033419598997,-0.030159778932856124,0.04225281235245518,,,
CASE_00495,PARTIAL_EVIDENCE_NO_CAUSATION,0.7038993417618888,0.138013040787825,0.15808761745028604,Murder,Manslaughter,False,0.03849053673044234,-0.0021127453756970005,-0.03637779135474542,,,
CASE_00580,PARTIAL_EVIDENCE_NO_CAUSATION,0.736325287950268,0.0910885075832863,0.17258620446644582,Murder,Not_Guilty,False,0.01634521819441348,0.040764641115922075,-0.05710985931033544,,,
CASE_00612,PARTIAL_EVIDENCE_NO_CAUSATION,0.7320896655766604,0.13646567404944554,0.13144466037389402,Murder,Murder,True,-0.028477279500535135,0.0015631177345885594,0.026914161765946673,,,
CASE_00142,PARTIAL_EVIDENCE_NO_CAUSATION,0.7482964640591003,0.12094437686613535,0.13075915907476432,Murder,Murder,True,-0.012093033419598997,-0.030159778932856124,0.04225281235245518,,,
CASE_00697,PARTIAL_EVIDENCE_NO_CAUSATION,0.7482964640591003,0.12094437686613535,0.13075915907476432,Murder,Murder,True,-0.012093033419598997,-0.030159778932856124,0.04225281235245518,,,
NEG_00003,PARTIAL_EVIDENCE_NO_CAUSATION,0.7285100703923916,0.13666215801186454,0.13482777159574388,Murder,Murder,True,0.06310126536094507,-0.0034636281516574607,-0.05963763720928758,,,
CASE_00267,PARTIAL_EVIDENCE_NO_CAUSATION,0.7482964640591003,0.12094437686613535,0.13075915907476432,Murder,Murder,True,-0.012093033419598997,-0.030159778932856124,0.04225281235245518,,,
CASE_00978,PARTIAL_EVIDENCE_NO_CAUSATION,0.6965502153713725,0.21397792680534702,0.08947185782328049,Murder,Manslaughter,False,-0.02852353094131188,-0.0296798903037975,0.058203421245109396,,,
CASE_00051,PARTIAL_EVIDENCE_NO_CAUSATION,0.7482964640591003,0.12094437686613535,0.13075915907476432,Murder,Manslaughter,False,-0.012093033419598997,-0.030159778932856124,0.04225281235245518,,,
CASE_00986,PARTIAL_EVIDENCE_NO_CAUSATION,0.7320896655766604,0.13646567404944554,0.13144466037389402,Murder,Murder,True,-0.028477279500535135,0.0015631177345885594,0.026914161765946673,,,
CASE_00107,PARTIAL_EVIDENCE_NO_CAUSATION,0.7285100703923916,0.13666215801186454,0.13482777159574388,Murder,Murder,True,0.06310126536094507,-0.0034636281516574607,-0.05963763720928758,,,
CASE_00950,PARTIAL_EVIDENCE_NO_CAUSATION,0.6997352636644385,0.2172920986778616,0.08297263765770001,Murder,Murder,True,-0.025338482648245897,-0.026365718431282936,0.051704201079528916,,,
CASE_00364,PARTIAL_EVIDENCE_NO_CAUSATION,0.7482964640591003,0.12094437686613535,0.13075915907476432,Murder,Murder,True,0.02831639430324584,0.07062051039877112,-0.09893690470201694,,,
CASE_00780,COUNTERFACTUAL_BASELINE,0.7604728278966449,0.14349579103192164,0.09603138107143334,Murder,Murder,True,,,,,,
CASE_00780,COUNTERFACTUAL_NO_INTENT,0.7604787347601577,0.14295647329727146,0.09656479194257088,Murder,Murder,True,,,,False,5.906863512761262e-06,0.7604728278966449
CASE_00780,COUNTERFACTUAL_NO_INTENT_STRONG,0.755575945183883,0.1395308535672144,0.10489320124890254,Murder,Murder,True,,,,True,-0.0001256048080994221,0.7557015499919825
CASE_00717,COUNTERFACTUAL_BASELINE,0.7604787347601577,0.14295647329727146,0.09656479194257088,Murder,Murder,True,,,,,,
CASE_00717,COUNTERFACTUAL_NO_INTENT,0.7604787347601577,0.14295647329727146,0.09656479194257088,Murder,Murder,True,,,,False,0.0,0.7604787347601577
CASE_00717,COUNTERFACTUAL_NO_INTENT_STRONG,0.7308226013774298,0.12223548699904432,0.1469419116235259,Murder,Murder,True,,,,False,0.0,0.7308226013774298
CASE_00847,COUNTERFACTUAL_BASELINE,0.7604787347601577,0.14295647329727146,0.09656479194257088,Murder,Murder,True,,,,,,
CASE_00847,COUNTERFACTUAL_NO_INTENT,0.7604787347601577,0.14295647329727146,0.09656479194257088,Murder,Murder,True,,,,False,0.0,0.7604787347601577
CASE_00847,COUNTERFACTUAL_NO_INTENT_STRONG,0.7308226013774298,0.12223548699904432,0.1469419116235259,Murder,Murder,True,,,,False,0.0,0.7308226013774298
CASE_00142,COUNTERFACTUAL_BASELINE,0.7604731137804307,0.1434696888212767,0.09605719739829269,Murder,Murder,True,,,,,,
CASE_00142,COUNTERFACTUAL_NO_INTENT,0.7604787347601577,0.14295647329727146,0.09656479194257088,Murder,Murder,True,,,,False,5.620979727005704e-06,0.7604731137804307
CASE_00142,COUNTERFACTUAL_NO_INTENT_STRONG,0.755575945183883,0.1395308535672144,0.10489320124890254,Murder,Murder,True,,,,True,-0.00011952571418427649,0.7556954708980673
CASE_00810,COUNTERFACTUAL_BASELINE,0.7604787347601577,0.14295647329727146,0.09656479194257088,Murder,Murder,True,,,,,,
CASE_00810,COUNTERFACTUAL_NO_INTENT,0.7604787347601577,0.14295647329727146,0.09656479194257088,Murder,Murder,True,,,,False,0.0,0.7604787347601577
CASE_00810,COUNTERFACTUAL_NO_INTENT_STRONG,0.7308226013774298,0.12223548699904432,0.1469419116235259,Murder,Murder,True,,,,False,0.0,0.7308226013774298
CASE_00286,COUNTERFACTUAL_BASELINE,0.706979845725483,0.24463088555237258,0.048389268722144364,Murder,Murder,True,,,,,,
CASE_00286,COUNTERFACTUAL_NO_INTENT,0.7084301242674427,0.24455289129810606,0.04701698443445125,Murder,Murder,True,,,,False,0.0014502785419596709,0.706979845725483
CASE_00286,COUNTERFACTUAL_NO_INTENT_STRONG,0.7085766658451188,0.23991635634896413,0.051506977805917044,Murder,Murder,True,,,,False,0.0009051128015399312,0.7076715530435789
CASE_00705,COUNTERFACTUAL_BASELINE,0.7604787347601577,0.14295647329727146,0.09656479194257088,Murder,Murder,True,,,,,,
CASE_00705,COUNTERFACTUAL_NO_INTENT,0.7604787347601577,0.14295647329727146,0.09656479194257088,Murder,Murder,True,,,,False,0.0,0.7604787347601577
CASE_00705,COUNTERFACTUAL_NO_INTENT_STRONG,0.7308226013774298,0.12223548699904432,0.1469419116235259,Murder,Murder,True,,,,False,0.0,0.7308226013774298
CASE_00515,COUNTERFACTUAL_BASELINE,0.7604787347601577,0.14295647329727146,0.09656479194257088,Murder,Murder,True,,,,,,
CASE_00515,COUNTERFACTUAL_NO_INTENT,0.7604787347601577,0.14295647329727146,0.09656479194257088,Murder,Murder,True,,,,False,0.0,0.7604787347601577
CASE_00515,COUNTERFACTUAL_NO_INTENT_STRONG,0.7308226013774298,0.12223548699904432,0.1469419116235259,Murder,Murder,True,,,,False,0.0,0.7308226013774298
CASE_00655,COUNTERFACTUAL_BASELINE,0.706979845725483,0.24463088555237258,0.048389268722144364,Murder,Murder,True,,,,,,
CASE_00655,COUNTERFACTUAL_NO_INTENT,0.7084301242674427,0.24455289129810606,0.04701698443445125,Murder,Murder,True,,,,False,0.0014502785419596709,0.706979845725483
CASE_00655,COUNTERFACTUAL_NO_INTENT_STRONG,0.7093165291408456,0.21650728649572465,0.07417618436342975,Murder,Murder,True,,,,True,-0.001847335533059713,0.7111638646739054
CASE_00632,COUNTERFACTUAL_BASELINE,0.7604787347601577,0.14295647329727146,0.09656479194257088,Murder,Murder,True,,,,,,
CASE_00632,COUNTERFACTUAL_NO_INTENT,0.7604787347601577,0.14295647329727146,0.09656479194257088,Murder,Murder,True,,,,False,0.0,0.7604787347601577
CASE_00632,COUNTERFACTUAL_NO_INTENT_STRONG,0.7308226013774298,0.12223548699904432,0.1469419116235259,Murder,Murder,True,,,,False,0.0,0.7308226013774298
